-- phpMyAdmin SQL Dump
-- version 4.4.1
-- http://www.phpmyadmin.net
--
-- Host: 127.0.0.1
-- Generation Time: Apr 11, 2015 at 10:32 AM
-- Server version: 5.6.24-log
-- PHP Version: 5.6.3

SET SQL_MODE = "NO_AUTO_VALUE_ON_ZERO";
SET time_zone = "+00:00";


/*!40101 SET @OLD_CHARACTER_SET_CLIENT=@@CHARACTER_SET_CLIENT */;
/*!40101 SET @OLD_CHARACTER_SET_RESULTS=@@CHARACTER_SET_RESULTS */;
/*!40101 SET @OLD_COLLATION_CONNECTION=@@COLLATION_CONNECTION */;
/*!40101 SET NAMES utf8 */;

--
-- Database: `aristotle`
--

-- --------------------------------------------------------

--
-- Table structure for table `chapters`
--

CREATE TABLE IF NOT EXISTS `chapters` (
  `id` int(11) NOT NULL,
  `title` varchar(255) NOT NULL,
  `body` text NOT NULL,
  `createdAt` datetime NOT NULL,
  `updatedAt` datetime NOT NULL,
  `LessonId` int(11) DEFAULT NULL
) ENGINE=InnoDB AUTO_INCREMENT=23 DEFAULT CHARSET=utf8;

--
-- Dumping data for table `chapters`
--

INSERT INTO `chapters` (`id`, `title`, `body`, `createdAt`, `updatedAt`, `LessonId`) VALUES
(1, 'Definition', '<p><abbr title="Jibberish text">Lorem ipsum</abbr> dolor sit amet, consectetur adipiscing elit. Pellentesque suscipit efficitur quam, vitae pharetra magna sollicitudin vitae. Maecenas dignissim magna quis mauris feugiat varius. Etiam vitae est et nulla euismod varius. Vestibulum vel mauris eget metus dictum iaculis nec vitae mi. Aliquam et mollis ligula. Donec tempor quam ipsum. Nullam molestie eget sapien quis pharetra. Integer ullamcorper nunc ac augue egestas laoreet. Cras ut dui risus. Donec nec dui porta, luctus justo id, aliquet nisi. Pellentesque dolor diam, dignissim nec commodo ullamcorper, molestie a justo.</p>\r\n<h3>Mauris maximus nun eget</h3>\r\n<p>Quisque vel nibh dictum, ultricies risus ac, maximus urna. Phasellus interdum turpis nisi, vel faucibus mauris luctus eu. Mauris vitae suscipit sem. Suspendisse urna erat, pulvinar eget elementum ultrices, efficitur id tortor. Phasellus efficitur arcu ac neque convallis, vel bibendum nisi maximus. Nunc sagittis congue turpis id faucibus. Suspendisse potenti.</p>\r\n<p>Mauris maximus nunc eget diam euismod laoreet. Ut condimentum magna quis urna dignissim scelerisque. Vestibulum condimentum id dolor ac imperdiet. Curabitur vitae euismod ex, commodo venenatis nisi. Curabitur elementum eu lorem auctor mollis. Ut dictum erat ut tortor faucibus, eget blandit justo pretium. Nam viverra risus quis metus ornare varius. Donec nec dui metus. Curabitur efficitur arcu eget risus vulputate scelerisque. Ut a ex est. Cras tempus sapien magna, at dapibus lorem dignissim vitae.</p>\r\n<p>Donec ullamcorper sed turpis id fringilla. Quisque pulvinar orci ac venenatis rhoncus. Integer sed tincidunt lorem, ut egestas urna. Curabitur nisl ligula, dictum non quam id, iaculis maximus mi. Proin non facilisis enim. Proin mollis malesuada augue ac tincidunt. Nam pulvinar blandit dignissim. Ut efficitur bibendum dolor, quis commodo leo rutrum vitae. Mauris vehicula, metus at molestie sollicitudin, nisi magna auctor ipsum, a interdum sapien nibh nec urna. In placerat lorem rhoncus consectetur sollicitudin. Integer bibendum congue nibh pharetra tempor. Vivamus sed lacus efficitur sapien fringilla sodales ut venenatis purus.</p>\r\n<p>In hac habitasse platea dictumst. Donec nisl leo, varius eu tincidunt in, mollis ac lectus. Pellentesque euismod dui neque, ac laoreet turpis ullamcorper non. Duis pellentesque, turpis feugiat placerat tincidunt, augue risus condimentum sapien, in consectetur ante nisl ac dui. Aenean quis risus vestibulum, viverra justo id, aliquam libero. Donec et ullamcorper turpis. Curabitur vehicula cursus enim in tempus.</p>\r\n<pre>\r\npublic class Main {\r\n    public static void main (String[] args) {\r\n        System.out.println("Hello world!");\r\n    }\r\n}\r\n</pre>\r\n<ol>\r\n	<li>Vivamus massa risus, <code>pellentesque quis</code> leo lacinia, finibus finibus sapien. Nunc aliquet posuere cursus. Maecenas egestas ultricies nulla, vel tincidunt velit venenatis at. Nam eget gravida odio, sed ultrices mi. Suspendisse egestas lorem id metus porta maximus. Etiam vulputate risus vel viverra convallis. Donec nec mollis ex. Morbi congue turpis nec rhoncus euismod. Aenean interdum erat metus, vel pellentesque odio egestas ut. Duis euismod semper dolor. Etiam eu tortor malesuada, faucibus nibh at, egestas lacus. Suspendisse erat erat, varius ac est eu, tincidunt fermentum sapien.</li>\r\n	<li>Press <kbd>Ctrl/⌘ C</kbd> to copy.</li>\r\n	<li>Phasellus hendrerit accumsan urna, vel volutpat nulla congue viverra. Nunc id diam vestibulum, dignissim turpis in, porta justo. Cras dapibus vestibulum lacus non varius. Donec id lobortis augue. Nullam dignissim vestibulum orci, facilisis semper tortor accumsan in. Proin vestibulum scelerisque gravida. Nullam eget mollis enim, nec tempus ipsum. Quisque ac efficitur odio. Fusce eleifend lorem eu sem laoreet congue. Aenean quis sapien sem. Ut porta semper felis at pretium. Donec dictum nisl mi, nec auctor metus fringilla eu. Nullam iaculis volutpat condimentum. Pellentesque ultricies, metus ut iaculis dictum, nunc leo tempor mi, quis molestie velit nisi ac quam. Vestibulum ultrices arcu ut enim placerat hendrerit. In imperdiet laoreet justo quis vestibulum.</li>\r\n</ol>\r\n<p>Phasellus commodo lorem quis sem aliquet, id aliquet turpis aliquam. Praesent fringilla est volutpat tempus bibendum. Curabitur augue tortor, egestas et sem eu, tempor posuere tellus. Maecenas eget gravida ipsum, at venenatis lectus. Aliquam eleifend dui sit amet urna semper dictum. Vestibulum id leo sed sem lacinia interdum quis eu orci. Pellentesque dictum diam ut nisl varius blandit. Duis laoreet ligula finibus nulla interdum, sit amet pulvinar augue convallis. Proin vulputate nisi iaculis condimentum pharetra. Duis ut nibh erat.</p>\r\n<p>Class aptent taciti sociosqu ad litora torquent per conubia nostra, per inceptos himenaeos. Sed pharetra, lectus eget tempus aliquam, elit ipsum suscipit libero, sit amet rutrum nunc ante et urna. Quisque lectus est, sagittis ac ultrices eget, ullamcorper feugiat massa. In tincidunt maximus metus, ac elementum lorem imperdiet sit amet. Morbi sagittis orci nisi, eleifend placerat odio sagittis sagittis. Sed vitae libero interdum, molestie sem et, interdum lacus. Duis sollicitudin bibendum ante et imperdiet. Mauris fringilla ante nibh. Nulla sit amet ligula quis nibh iaculis porttitor. Class aptent taciti sociosqu ad litora torquent per conubia nostra, per inceptos himenaeos. Integer vehicula placerat porttitor. Ut id ultrices neque. Suspendisse at mollis enim, in pretium est. Maecenas quis dui id elit lobortis sodales at scelerisque tellus. Curabitur a neque diam. Praesent tincidunt lorem eget augue ornare, in ullamcorper dolor vestibulum.</p>', '2015-04-07 21:48:42', '2015-04-07 21:48:42', 1),
(2, 'Belief', '<p>In massa arcu, aliquet non malesuada quis, euismod ut leo. Vestibulum ante ipsum primis in faucibus orci luctus et ultrices posuere cubilia Curae; Class aptent taciti sociosqu ad litora torquent per conubia nostra, per inceptos himenaeos. Cras cursus vulputate pulvinar. Cras risus ex, mattis vitae porttitor at, varius at sapien. Aliquam rhoncus ante augue, et scelerisque lorem pharetra et. Sed a ipsum a quam lacinia tristique. Interdum et malesuada fames ac ante ipsum primis in faucibus. Duis sollicitudin suscipit ex sed ultricies. In id nulla egestas ex lobortis sollicitudin in at nibh. Fusce consequat nibh at venenatis rhoncus. Aenean iaculis, enim ac ultricies feugiat, sem lacus maximus orci, in consequat turpis nisi sed nisi. Morbi bibendum tristique scelerisque.</p>\r\n<p>Integer vitae ante elementum, imperdiet orci eget, efficitur ante. In vitae velit et lectus mattis tristique. In facilisis fringilla dolor sit amet lobortis. Praesent sollicitudin, purus sit amet hendrerit faucibus, enim lacus aliquam dui, et efficitur elit massa at lacus. In ullamcorper at sem accumsan porta. Proin blandit hendrerit viverra. Nullam ut metus ut nisl facilisis placerat. Praesent rhoncus suscipit nibh, id hendrerit velit vestibulum vitae. Nulla luctus, sapien quis rutrum bibendum, nisl sapien dictum nibh, a feugiat enim libero et ligula. Phasellus rhoncus dignissim auctor. Praesent nec velit non risus vulputate fermentum. Aliquam faucibus pulvinar lorem, eget ullamcorper augue aliquet non. Donec sed sagittis erat.</p>\r\n<p>Class aptent taciti sociosqu ad litora torquent per conubia nostra, per inceptos himenaeos. Nam velit lectus, porttitor vel sem malesuada, feugiat sodales erat. Proin lobortis odio eleifend tincidunt condimentum. Vivamus rhoncus at metus nec pulvinar. Morbi eget justo eu nunc posuere mattis. Fusce non neque sit amet nibh dignissim posuere. Suspendisse at tortor bibendum, tristique neque non, varius neque. Quisque molestie risus vitae turpis convallis, a consequat eros vulputate. Maecenas ligula eros, pellentesque sit amet magna a, pellentesque pulvinar risus. Suspendisse et sapien tristique dui ullamcorper sollicitudin. Praesent mollis sollicitudin elit sed fringilla. Phasellus sed lacinia dolor. Ut sit amet sollicitudin augue, sed molestie odio. Phasellus at elementum odio, eu elementum neque. Praesent gravida mattis vulputate.</p>\r\n<p>Vivamus nibh nunc, scelerisque sit amet suscipit vel, finibus id lacus. Morbi nulla ligula, tempor sit amet convallis ut, dapibus ac tortor. Curabitur consequat velit nisi, eget cursus ligula mollis et. Vivamus euismod consequat justo eu vehicula. Nam convallis, lorem sed consequat laoreet, urna tellus ullamcorper lectus, at maximus ante ante vitae risus. Nulla ac felis velit. Mauris vitae lectus eros. Donec justo arcu, fermentum congue rutrum ac, consectetur vitae est. Vestibulum ut lacus placerat, faucibus justo vel, egestas lorem. Pellentesque congue dapibus accumsan. Sed facilisis pulvinar nulla, a mollis elit consectetur posuere. Morbi risus velit, placerat vel gravida nec, sagittis ut mauris. Phasellus convallis urna lacus, et ullamcorper justo bibendum nec. Phasellus sagittis odio a eros semper, quis ultrices diam posuere. Maecenas pretium tincidunt libero, at condimentum libero iaculis ac. Class aptent taciti sociosqu ad litora torquent per conubia nostra, per inceptos himenaeos.</p>\r\n<p>Mauris eu tortor non diam iaculis pretium. Proin in erat augue. Cras eget eleifend odio. Aenean a nunc scelerisque, bibendum mauris ut, feugiat lorem. Phasellus scelerisque ut neque in ullamcorper. Pellentesque accumsan neque ut pretium euismod. Phasellus vestibulum aliquet lacus, ac hendrerit neque condimentum vitae. Curabitur congue sit amet turpis vel aliquam. Sed finibus magna nec lorem sodales tristique.</p>\r\n<blockquote class="pull-left" style="width: 66.6667%;"><p>Ut mauris nulla, commodo sed magna eget, sodales pharetra felis. Integer et augue a neque porttitor interdum vitae a velit. Etiam efficitur nibh orci, a rutrum dolor viverra quis.</p></blockquote>\r\n<p>Duis sit amet finibus sapien, eu vestibulum metus. Phasellus id fringilla dui. Quisque et bibendum lectus. Integer a viverra dolor. Phasellus tempus urna dolor, a cursus libero tincidunt vitae. Aliquam tortor odio, mollis ut bibendum id, sodales a quam. Morbi vehicula odio porttitor, mollis urna at, volutpat dolor. Sed eget risus ac orci placerat lobortis at at tellus.</p>\r\n<p>Morbi dictum leo at arcu iaculis, <mark>ac interdum felis mollis</mark>. Duis at ultrices nisi. Integer pharetra lorem id mi imperdiet, id mollis lorem cursus. Donec massa lorem, elementum a nunc in, bibendum elementum lorem. Cras et aliquet sapien, a pretium nibh. Morbi ac elementum sapien. Nulla facilisi. Nam accumsan tortor iaculis lorem pellentesque, eu dignissim est commodo. Donec id odio nec metus tempus porttitor. Etiam ornare felis in tellus facilisis malesuada. Morbi congue porta aliquet. Phasellus molestie viverra arcu, vel blandit justo consequat ac. Integer mauris nunc, eleifend eget ipsum a, laoreet porttitor velit. Quisque semper dictum vestibulum. Donec aliquet diam eget erat interdum tristique. Quisque eu orci egestas, tempor massa a, efficitur orci.</p>\r\n<p>Nulla congue convallis venenatis. Vivamus porta aliquet elementum. Sed laoreet, metus a sollicitudin pharetra, nibh risus dictum dui, non tempor nisl ligula eget eros. Mauris diam ligula, sagittis vitae nibh et, elementum porttitor elit. Phasellus id mi fermentum, vulputate ligula vitae, elementum sem. Aenean nec justo metus. Mauris ac justo lorem.</p>\r\n<ul>\r\n	<li>Donec bibendum nibh sed vestibulum tincidunt.</li>\r\n	<li>Morbi iaculis est nec nisl hendrerit ornare a ut dui.</li>\r\n	<li>Praesent tempor eget nunc non fringilla.</li>\r\n	<li>Quisque ut mi sapien.</li>\r\n</ul>\r\n<p>Aliquam euismod vel urna quis viverra. Mauris luctus felis eget rhoncus tincidunt. Nam viverra massa pharetra enim viverra, quis euismod nisi ullamcorper.</p>\r\n<p>Nunc nec nisi risus. Integer aliquam magna sit amet lacus rutrum, sit amet tincidunt lacus posuere. Pellentesque ornare eu purus rutrum pharetra. Cum sociis natoque penatibus et magnis dis parturient montes, nascetur ridiculus mus. Integer eget nibh magna. Pellentesque sit amet magna suscipit, fringilla velit sed, cursus turpis. Nunc consectetur dapibus diam, ac ultrices odio elementum eu. In hac habitasse platea dictumst. Quisque lacinia, quam non pharetra elementum, nibh lacus dignissim risus, vel auctor ante turpis id nibh. Fusce a ullamcorper leo. Vivamus dolor eros, tempus et posuere non, congue id metus.</p>\r\n<p>Integer consectetur pellentesque imperdiet. Nunc porttitor posuere hendrerit. Donec non augue in enim gravida pretium. Quisque augue felis, elementum tristique ipsum sed, aliquet efficitur metus. Nulla finibus commodo pharetra. Morbi eget lorem augue. Maecenas semper diam tellus, eu auctor dui bibendum sit amet. Vivamus imperdiet mi eu libero dictum efficitur. Cras lobortis arcu lectus, ac facilisis libero efficitur ut. Etiam maximus iaculis ex, sed dapibus neque convallis fermentum.</p>', '2015-04-07 21:48:42', '2015-04-07 21:48:42', 1),
(3, 'Truth', '<p>Etiam sed imperdiet tortor. Aliquam ac tempus leo, quis gravida felis. Aliquam lobortis tincidunt justo, sed tincidunt tellus placerat in. Quisque consequat libero et dolor vulputate iaculis. Suspendisse risus enim, condimentum at viverra ac, dictum vel massa. Sed enim risus, egestas quis sodales nec, tristique in eros. Ut quis mattis magna. Praesent auctor diam sit amet ipsum blandit, at cursus libero pulvinar. Sed eleifend imperdiet dolor in vehicula. Nulla posuere nisi nec ante molestie, non pharetra sapien mollis.</p>\r\n<p>Nullam eu neque sed dui imperdiet imperdiet. Cras nec aliquam elit. Sed lacus quam, maximus ac eros et, pulvinar tristique enim. Maecenas rutrum a velit non sollicitudin. Integer vitae tincidunt lacus. In vel iaculis sem, ut lacinia justo. Aliquam mattis vehicula molestie. Sed interdum consequat nibh, at consequat purus scelerisque in. In hac habitasse platea dictumst. Mauris augue elit, sodales at lobortis quis, semper a enim. Etiam aliquet suscipit nisl, ac finibus mi lobortis in. Proin lobortis interdum dui. Donec enim nisi, tincidunt quis nisl eu, fringilla pellentesque metus.</p>\r\n<p>Etiam eu maximus diam. Donec consequat tortor quis condimentum mattis. Quisque tristique convallis ligula et suscipit. Ut nec pellentesque nunc. Aliquam id enim eget leo tristique rutrum. Phasellus quis fermentum mauris, at euismod purus. Phasellus auctor ut magna non interdum. Nullam in justo vestibulum, interdum quam ut, elementum mauris. Donec nunc quam, lobortis vitae feugiat vitae, gravida a augue. Vivamus et imperdiet augue.</p>\r\n<p>Proin tristique pulvinar nibh. Pellentesque non lacus quam. Etiam quis vestibulum ligula. Etiam finibus ligula sed libero placerat, et accumsan sapien auctor. Donec mollis lorem a sagittis congue. Nulla blandit ipsum eu lectus lacinia imperdiet. Fusce feugiat consectetur metus vel imperdiet. Pellentesque lectus sem, pretium nec aliquam quis, scelerisque ut quam. Mauris et mi ac elit ornare iaculis eu in risus.</p>\r\n<p>Duis purus lorem, facilisis a dui a, vestibulum vestibulum orci. In iaculis tortor in varius gravida. Vestibulum arcu leo, dapibus vel augue ac, faucibus mollis purus. Donec fermentum massa a tincidunt posuere. Morbi et rutrum turpis. Sed tincidunt feugiat nisi, consectetur imperdiet eros. Vivamus tincidunt, mi ac vulputate blandit, neque justo mollis justo, ut volutpat mi velit nec metus. Vestibulum dapibus felis ligula, vitae cursus purus condimentum tincidunt. Vivamus ullamcorper eget neque dictum malesuada. Praesent urna enim, tincidunt sed varius eget, hendrerit et libero. Morbi eget risus at mi congue fermentum ac nec ipsum.</p>\r\n<p>Nullam quam turpis, venenatis ut ornare eget, euismod id nisi. Nunc suscipit posuere turpis, quis vehicula purus. Nulla auctor pharetra porta. Etiam fermentum commodo lectus vitae ultricies. Aliquam pharetra fringilla turpis id egestas. Pellentesque habitant morbi tristique senectus et netus et malesuada fames ac turpis egestas. Pellentesque quis vestibulum metus. Integer in est quis felis facilisis euismod sed et tellus. Cras ut est sed turpis fringilla vestibulum fermentum non ante. Morbi pharetra turpis tortor, in placerat ante eleifend a. Aenean in lorem volutpat, imperdiet nibh nec, accumsan libero. Duis pellentesque sed tortor vel luctus. Pellentesque habitant morbi tristique senectus et netus et malesuada fames ac turpis egestas. Phasellus risus purus, sollicitudin eget scelerisque vel, finibus vitae enim.</p>\r\n<p>Vestibulum dictum nisi sit amet justo ultrices, in suscipit quam vulputate. Integer vitae volutpat neque. Curabitur suscipit suscipit nisl, vel sagittis quam elementum ut. In gravida, magna in tincidunt pretium, libero nunc venenatis justo, eget aliquet augue neque non augue. Phasellus ac aliquet felis. Donec et tincidunt nulla. Ut ex sapien, venenatis laoreet sapien vehicula, rutrum euismod sem. Vestibulum eget ipsum massa. Ut varius magna ac massa posuere auctor. Integer pretium erat eget enim feugiat fermentum et vitae arcu. Mauris ipsum enim, congue id pretium pharetra, mattis ut velit. Cras quis varius lorem. Pellentesque ac tellus arcu.</p>\r\n<p>Nulla facilisi. Duis libero ipsum, rhoncus id ante non, consectetur vulputate nunc. Class aptent taciti sociosqu ad litora torquent per conubia nostra, per inceptos himenaeos. Mauris vitae sollicitudin diam, vitae imperdiet nibh. Nunc cursus euismod felis non pharetra. Aliquam sollicitudin, nulla porttitor ultrices bibendum, magna justo interdum ante, a suscipit nisl metus vitae justo. Vestibulum aliquam mauris vel auctor pharetra. Nullam nec neque vel purus mollis malesuada. Vivamus porttitor ipsum eget metus gravida volutpat. Nulla egestas pulvinar eros eget facilisis. Ut sit amet volutpat neque. Nullam quis lorem sit amet nisi ultricies mattis sed non nunc. Fusce augue lectus, placerat id neque quis, finibus efficitur tortor. Duis non erat sit amet tellus porta condimentum.</p>\r\n<div class="table-responsive">\r\n	<table class="table table-striped">\r\n		<thead>\r\n			<tr>\r\n				<th>ID</th>\r\n				<th>Name</th>\r\n				<th>Location</th>\r\n			</tr>\r\n		</thead>\r\n		<tbody>\r\n			<tr>\r\n				<td>2</td>\r\n				<td>Richie Pasqualone</td>\r\n				<td>Ahwatukee, AZ</td>\r\n			</tr>\r\n			<tr>\r\n				<td>4</td>\r\n				<td>Matt Miller</td>\r\n				<td>Salt Lake City, UT</td>\r\n			</tr>\r\n			<tr>\r\n				<td>5</td>\r\n				<td>Christian Cañez</td>\r\n				<td>Location Unknown</td>\r\n			</tr>\r\n		</tbody>\r\n	</table>\r\n</div>\r\n<p>Sed eu convallis leo, sit amet scelerisque turpis. Sed pretium dui sit amet sollicitudin tempus. Nulla ornare id libero sed iaculis. Praesent dictum posuere urna in semper. Suspendisse nec ex eros. Integer lacinia nisi non mauris molestie, non egestas lacus dapibus. Nullam consequat auctor arcu, eget placerat sapien.</p>\r\n<p>Vivamus fermentum ex id orci ornare semper. Etiam nec turpis quis nisl finibus placerat. Vestibulum ante ipsum primis in faucibus orci luctus et ultrices posuere cubilia Curae; Donec dolor nunc, malesuada sit amet rutrum quis, faucibus ac nibh. Sed vehicula ipsum ex, non dapibus magna feugiat vel. Nunc nec felis ultrices, semper lacus sit amet, malesuada metus. Etiam sed varius dolor. Morbi vulputate venenatis elit nec laoreet. Vivamus feugiat varius urna quis tincidunt. Duis dolor magna, semper et purus ut, bibendum pulvinar lorem. Integer congue condimentum mi, eget bibendum tellus ultricies vehicula. Donec sit amet mauris quam. Fusce congue venenatis lacus. Nunc sed est iaculis, tincidunt enim in, efficitur nunc. Praesent nec sagittis orci. In hac habitasse platea dictumst.</p>\r\n<p>Aliquam porta, mi nec fermentum efficitur, enim odio feugiat ex, eu lobortis tellus nisl sit amet dui. Nam accumsan turpis quis rhoncus rhoncus. Ut malesuada dapibus est nec accumsan. Ut in commodo lectus. Sed pretium sem ac vulputate auctor. Morbi et est tortor. Nulla eget imperdiet dui. Donec gravida orci sit amet finibus fermentum. Cum sociis natoque penatibus et magnis dis parturient montes, nascetur ridiculus mus. Sed eget rhoncus diam. In luctus sem elementum consectetur interdum. Suspendisse tempor consectetur lectus quis tempus. Sed vulputate ligula sed sollicitudin maximus. Vivamus vulputate arcu in massa varius iaculis. Suspendisse ut felis sed ex pretium sodales sit amet vitae quam.</p>\r\n<p>Etiam vulputate nunc id ex facilisis auctor. Vivamus eget elit quis enim semper aliquet. Aliquam condimentum purus sit amet augue laoreet, at scelerisque nisi consequat. In rhoncus vehicula dolor sed bibendum. Suspendisse potenti. Pellentesque et auctor nisi. Aenean at placerat urna. Vestibulum non suscipit nisi, vitae scelerisque neque. Phasellus bibendum efficitur nulla, quis bibendum nulla volutpat quis.</p>\r\n<p>Nulla hendrerit eget diam at consequat. Curabitur eu elit facilisis, consequat nulla viverra, imperdiet justo. Class aptent taciti sociosqu ad litora torquent per conubia nostra, per inceptos himenaeos. Nulla consectetur risus ac est iaculis pharetra eu non risus. Vestibulum varius mattis metus, in dignissim purus venenatis dapibus. Vestibulum elementum quam at nibh vehicula posuere. Etiam tempor nunc sit amet nibh euismod laoreet in et mauris. Etiam lobortis lacus tortor, a tempor metus dapibus sit amet. Fusce ac sem erat. Donec euismod feugiat dui a mattis. Quisque placerat arcu arcu, mollis ultricies nisl sodales non.</p>\r\n<p>Nunc sed leo sed mi sollicitudin imperdiet. Duis congue pharetra sodales. Sed mattis rutrum neque eget tincidunt. Cras imperdiet sit amet mauris eu pellentesque. Proin tincidunt mollis quam. Praesent varius lectus ac lacus placerat iaculis. Nullam vitae arcu interdum, suscipit libero non, vestibulum nulla. Morbi eleifend consequat arcu sit amet molestie. Integer lacus dolor, convallis eget felis fermentum, commodo molestie odio.</p>\r\n<p>Etiam vehicula ex sem, quis consectetur tellus rhoncus nec. Sed tempor, nisl ut feugiat vehicula, mi nisl suscipit arcu, quis tincidunt tortor est in lacus. Vestibulum commodo id ante quis rhoncus. Sed tincidunt, elit vitae ullamcorper viverra, sem odio finibus justo, in dignissim risus massa sit amet lorem. Cum sociis natoque penatibus et magnis dis parturient montes, nascetur ridiculus mus. Suspendisse id malesuada magna, quis malesuada ante. Phasellus rutrum urna velit, sit amet aliquet nisi mollis a.</p>', '2015-04-07 21:48:42', '2015-04-07 21:48:42', 1),
(4, 'Justification', '<p>Praesent non cursus tortor. Proin quam orci, interdum sit amet ornare eu, facilisis quis nisi. Sed tincidunt tellus est. Morbi est arcu, varius et placerat vel, tempor sit amet enim. Ut facilisis sapien metus, vitae dictum ligula finibus eget. Nulla vitae porta sapien. Vestibulum eu ipsum ex.</p>\n<p>Nunc blandit ipsum ut magna elementum ornare vitae in ligula. Sed felis ligula, rutrum at tempus non, feugiat quis augue. Vestibulum congue tortor nec libero auctor elementum. Vestibulum et lobortis enim. Nunc sed sagittis tortor. Integer vehicula leo quis mauris dictum, id volutpat massa laoreet. Aliquam erat est, sodales vel urna non, condimentum vulputate elit. Nulla venenatis lectus at libero pretium, id molestie magna pretium. Sed sed nulla et metus ullamcorper faucibus non at erat. Duis aliquet turpis a tortor sagittis, ac pharetra dui laoreet. Ut vulputate rutrum erat, eget interdum ipsum bibendum at. Donec vitae leo vel magna consequat cursus. Morbi vitae aliquet nisl.</p>\n<div class="well">\n	<p>Suspendisse pretium lobortis viverra. Aenean eu libero feugiat, faucibus tellus sodales, vulputate turpis. Curabitur luctus ligula eu sapien efficitur dapibus. Vestibulum sit amet aliquam augue, vitae interdum nibh. Sed malesuada risus libero, a dictum orci lobortis in. Sed sit amet sem erat. Aliquam vulputate sem lorem, non dictum lacus lobortis sit amet.</p>\n	<p>In sed condimentum enim, a iaculis nibh. Fusce non hendrerit arcu, quis tempor velit. Maecenas nec ornare erat, sed ultrices nulla. Quisque ac molestie orci, vel sagittis tellus. Quisque auctor ullamcorper venenatis. Quisque et pulvinar lacus. Duis porta nec urna viverra auctor. Class aptent taciti sociosqu ad litora torquent per conubia nostra, per inceptos himenaeos. Aenean tempor imperdiet erat. Nam tempus nulla eget risus posuere, sed eleifend ipsum lobortis. Morbi venenatis ante vel gravida tincidunt. Quisque porta sem nisl, a mollis ligula malesuada eu. Sed eros orci, tincidunt a lacus at, porta commodo erat.</p>\n</div>\n<p>Lorem ipsum dolor sit amet, consectetur adipiscing elit. Phasellus rutrum accumsan fermentum. Donec auctor tellus non nisi gravida tempor. Nulla hendrerit dictum massa, nec aliquet diam suscipit non. Morbi tortor nibh, sollicitudin at pellentesque at, porttitor ac turpis. Vestibulum non velit sit amet nunc egestas fringilla tincidunt eu leo. Etiam vestibulum aliquam molestie.</p>\n<p>Etiam ipsum urna, elementum ut tincidunt ut, ullamcorper dictum lorem. Vestibulum pretium ullamcorper sapien vitae tempus. Vestibulum non auctor urna. Vestibulum nec libero sit amet sem feugiat tincidunt et eu sem. Phasellus pharetra lacus sed augue gravida aliquet. Etiam condimentum lorem efficitur lobortis luctus. Nunc finibus sem non porttitor ultricies. Fusce rhoncus arcu id eros elementum, quis vulputate urna tempor. Nullam finibus, diam tincidunt porta dapibus, velit eros mattis tortor, quis gravida diam felis in augue. Integer purus mi, euismod vel ligula non, scelerisque pretium eros. Sed vitae magna nec sem posuere commodo id vel lacus. Nulla in eleifend nisi, id lacinia ipsum.</p>\n<p>Vivamus nec magna neque. Maecenas vel tincidunt ante. Aliquam nec augue ullamcorper velit faucibus consectetur eget eu risus. Nam fringilla facilisis erat laoreet fermentum. Etiam vestibulum nulla tortor, a fringilla turpis suscipit nec. In cursus turpis venenatis sollicitudin porttitor. Aenean non massa fringilla, tristique purus ut, mollis urna. Interdum et malesuada fames ac ante ipsum primis in faucibus. Vestibulum molestie massa mi, vitae sollicitudin ipsum sagittis sit amet. Suspendisse eu ipsum ut elit pharetra feugiat. Quisque iaculis iaculis quam ut rhoncus.</p>\n<p>Maecenas sed mollis dolor. Cras at fringilla neque. Nulla eu diam felis. Nulla quis tellus augue. Mauris finibus lorem elit, quis euismod velit rhoncus vel. Ut molestie urna elit, eget fermentum diam tristique ut. Mauris venenatis turpis sed ipsum scelerisque tempor. Donec facilisis justo id lectus dapibus, sit amet bibendum libero vulputate. Sed finibus, risus vitae molestie tempor, nisl ante tempus urna, eget mattis augue erat quis leo. Sed dignissim ullamcorper varius. Fusce quis aliquam libero. Praesent quis eros augue.</p>\n<img src="http://api.qrserver.com/v1/create-qr-code/?color=000000&amp;bgcolor=FFFFFF&amp;data=http%3A%2F%2Fmmiller.me%2F&amp;qzone=1&amp;margin=0&amp;size=400x400&amp;ecc=L" class="pull-right img-thumbnail" style="max-width: 200px;">\n<p>Morbi auctor ultrices risus volutpat mollis. Nulla sagittis consectetur dignissim. Integer pharetra viverra erat ac facilisis. Vivamus magna dolor, porta ac ante sit amet, gravida vestibulum massa. Nullam scelerisque eu ligula ac venenatis. In hac habitasse platea dictumst. Morbi ac mauris non tortor tincidunt tristique vitae sit amet enim. Aliquam consequat quam ex, vitae volutpat nunc convallis quis. Cras vel viverra arcu. Lorem ipsum dolor sit amet, consectetur adipiscing elit. Cras ut erat quis ante efficitur mattis.</p>\n<p>Aenean ac pretium lacus, non commodo orci. Nunc sed nisi lobortis, hendrerit ex non, aliquet magna. Nam ex velit, pulvinar at lorem ut, consequat placerat tellus. Pellentesque molestie urna ac vestibulum consequat. Praesent est urna, vestibulum a nisi vel, ultrices venenatis tellus. Cras imperdiet, arcu ut posuere cursus, magna nunc molestie sem, nec pellentesque quam nisl sed sem. Class aptent taciti sociosqu ad litora torquent per conubia nostra, per inceptos himenaeos. Nullam enim elit, cursus ut posuere eget, rhoncus id metus. Maecenas volutpat suscipit sagittis. Proin sapien nisl, viverra vitae euismod ut, vehicula ut ante. Suspendisse potenti. Nam eget velit blandit, viverra lacus nec, varius diam. Donec laoreet volutpat sem, non iaculis ex suscipit vehicula. Quisque laoreet lorem sed est vehicula maximus. Cras lobortis vel metus eu dictum. Cras eros tellus, porttitor in nisi sit amet, convallis vestibulum tellus.</p>\n<p>Vivamus finibus eleifend laoreet. Ut semper congue dapibus. Proin nec justo ac ipsum lacinia posuere at eget mi. Suspendisse sit amet nisi ac felis egestas tincidunt a quis magna. Maecenas mi sapien, placerat vitae nunc eget, lacinia tempor ligula. Interdum et malesuada fames ac ante ipsum primis in faucibus. Aenean maximus fringilla molestie. Donec in tempor nisi. Suspendisse at ultricies ante. Donec et lorem at velit bibendum cursus sed et dolor. Aliquam consequat tristique elementum. Duis condimentum elit in enim mattis, sit amet eleifend massa auctor. Cras quis odio tortor. Pellentesque habitant morbi tristique senectus et netus et malesuada fames ac turpis egestas.</p>\n<p>Nulla facilisi. Etiam iaculis porta ex tristique blandit. Donec volutpat, nisi sit amet molestie ornare, neque libero hendrerit dui, nec suscipit turpis ipsum quis nisl. Aenean at porta lacus, ac vestibulum dolor. Donec luctus ex vitae nibh rutrum blandit. Donec tortor turpis, suscipit ut sapien in, mollis interdum nibh. Sed sed elit facilisis, facilisis nunc vitae, ultrices elit. Nunc neque enim, rhoncus quis elit in, volutpat lobortis sapien. Cras ante sapien, laoreet id posuere ornare, euismod vitae massa. Donec imperdiet nunc magna, quis auctor nunc commodo quis. Phasellus consequat tempus sodales. Donec vehicula eu tellus quis ornare. Aliquam eu dictum est.</p>', '2015-04-07 21:48:42', '2015-04-07 21:48:42', 1),
(5, 'Introduction', '<p>Lorem ipsum dolor sit amet, consectetur adipiscing elit. Cras metus metus, euismod at vehicula a, elementum a elit. Nulla facilisi. Nunc consectetur mi arcu, sit amet vulputate velit rhoncus nec. Phasellus volutpat eleifend tortor eget consequat. Sed ultricies purus lorem. Phasellus eu purus id erat elementum molestie. Nam enim libero, porta id placerat ut, volutpat vel eros. Quisque auctor ligula elit, id commodo lacus elementum vitae. Phasellus in magna semper, efficitur metus vel, interdum dui. Suspendisse facilisis id lacus non convallis. Etiam a fringilla ex, gravida aliquet ante. Curabitur tellus enim, viverra eu tristique sed, bibendum id metus. Maecenas condimentum lacus et lacus sagittis ultricies. Nulla placerat sodales ligula, sit amet pharetra libero vestibulum in. Duis feugiat massa vitae euismod volutpat.</p> \r\n<p>Nam laoreet luctus nunc, at volutpat lacus interdum non. Maecenas id tempus nisi. Nunc tristique non enim vel ullamcorper. Cras convallis risus nisi, in finibus lectus condimentum nec. Nulla pulvinar condimentum nunc, ut dapibus enim tristique eget. Donec eget viverra est, a consequat orci. In non ullamcorper mi, nec ullamcorper quam. Sed condimentum sem ut libero suscipit, in blandit velit fermentum. Suspendisse a diam non ipsum fermentum efficitur sit amet in felis. Suspendisse non turpis elementum, rhoncus nisi sed, rutrum sem. Cras posuere dapibus velit sed placerat.</p>', '2015-04-09 17:56:06', '2015-04-09 17:56:06', 2),
(6, 'Syllogistic logic', '<p>Lorem ipsum dolor sit amet, consectetur adipiscing elit. Nulla ut sem in mi tempor lobortis. Morbi nec nibh at augue lacinia aliquam vel a velit. Mauris facilisis tempus feugiat. Aenean blandit vestibulum erat, ac malesuada lectus. Nulla facilisi. Quisque vitae aliquet ante. In hac habitasse platea dictumst. Nulla ut suscipit lacus. Mauris ac lorem eget erat vulputate aliquet sollicitudin non felis. Donec consectetur dui non est sollicitudin, id eleifend arcu eleifend. Suspendisse porttitor consectetur mollis. Duis vel consectetur felis, vel ullamcorper libero. In iaculis metus arcu, eu varius magna porta ut. Nunc tristique posuere quam, ac imperdiet felis consequat vitae.</p> \r\n<p>Ut a luctus arcu, nec facilisis felis. Phasellus vehicula luctus maximus. Pellentesque fringilla, mauris tincidunt porta condimentum, elit magna rhoncus erat, sit amet pretium lacus turpis et ex. Suspendisse id augue at odio dictum lobortis. Cras rhoncus aliquam mollis. Praesent consequat sagittis vehicula. Curabitur ut sagittis diam.</p> \r\n<p>Nunc mattis lorem eget tortor blandit venenatis. Curabitur porta fermentum urna malesuada euismod. Aenean tristique posuere vulputate. Nulla eu sapien risus. Vivamus imperdiet feugiat tortor at fermentum. Suspendisse eget turpis tempor, aliquam mi non, varius odio. Nulla placerat erat sit amet enim bibendum ornare.</p> ', '2015-04-09 17:56:06', '2015-04-09 17:56:06', 2),
(7, 'Propositional logic', '<p>Lorem ipsum dolor sit amet, consectetur adipiscing elit. Ut pretium lorem sed tortor egestas tincidunt. Cum sociis natoque penatibus et magnis dis parturient montes, nascetur ridiculus mus. Fusce hendrerit est non ligula congue, nec rhoncus augue fringilla. Suspendisse aliquam luctus nibh a dignissim. Cras finibus, enim eget vehicula porttitor, nisl nunc bibendum libero, ut congue tellus nibh nec ante. Donec et sagittis sapien, vestibulum varius lorem. Praesent et diam in erat rutrum pulvinar. Maecenas ut magna sapien. Pellentesque habitant morbi tristique senectus et netus et malesuada fames ac turpis egestas. Sed quis imperdiet arcu. Duis consectetur ipsum id est efficitur maximus.</p> \r\n<p>Nullam aliquam id augue ac aliquam. Nunc tempus, lectus quis tempus ultricies, magna mi cursus orci, ut tincidunt dolor sapien vitae eros. Aliquam consequat enim nec dolor pulvinar, non scelerisque elit iaculis. Sed condimentum ex sed purus imperdiet tincidunt. Sed pretium mi ut eros pulvinar dapibus. Vestibulum ante ipsum primis in faucibus orci luctus et ultrices posuere cubilia Curae; Aliquam pulvinar commodo nulla vel hendrerit. Vestibulum eget congue nisl. Donec ac purus odio. Morbi at lacus efficitur nisl eleifend mattis. In finibus eleifend odio, at egestas nisi mattis a. Duis ac scelerisque diam. Vestibulum ante ipsum primis in faucibus orci luctus et ultrices posuere cubilia Curae;</p>', '2015-04-09 17:56:06', '2015-04-09 17:56:06', 2),
(8, 'Predicate logic', '<p>Lorem ipsum dolor sit amet, consectetur adipiscing elit. Morbi vel consequat turpis. Pellentesque at nisi et libero euismod facilisis. Suspendisse convallis nisl ac turpis pretium, eget lacinia felis viverra. Phasellus hendrerit sit amet ipsum ut feugiat. Praesent tempus eleifend odio sit amet sagittis. Aliquam eleifend lacus nec dictum malesuada. Aenean faucibus erat ac hendrerit blandit. Suspendisse quis vestibulum ipsum. Donec venenatis leo in nisl consectetur porttitor. Pellentesque in quam sit amet orci elementum eleifend. Donec sollicitudin dapibus mi quis tristique. Nullam mauris purus, aliquam et lectus eget, sodales venenatis arcu. Maecenas et tortor vel felis interdum dignissim. Nullam molestie ultricies lectus, nec molestie lectus congue eu.</p> \r\n<p>Nulla facilisi. Mauris non massa tincidunt, lobortis dolor vitae, vulputate quam. Cras maximus porttitor turpis pellentesque fermentum. Phasellus purus sem, sodales nec efficitur a, viverra sit amet felis. Cras in quam diam. Vestibulum ante ipsum primis in faucibus orci luctus et ultrices posuere cubilia Curae; Nulla et nisi efficitur, pellentesque dolor at, finibus mi. Sed eu lectus bibendum, lobortis est vel, sodales ligula. Nulla ut mi nisl. Pellentesque aliquam augue quis ipsum volutpat scelerisque. Curabitur nec dignissim dui, et semper nibh.</p> \r\n<p>Ut sed venenatis est. In in volutpat tellus. Proin tristique nec eros sit amet venenatis. Nam condimentum tincidunt nibh sed iaculis. Suspendisse eu eros fringilla, egestas ex vel, faucibus leo. Phasellus tincidunt ipsum a tincidunt viverra. Proin rutrum commodo est eu accumsan. Donec efficitur, justo vel posuere vestibulum, lorem massa aliquet justo, id fermentum est nunc quis risus. Fusce ultricies ex ligula, ac tempor ligula interdum a. Suspendisse luctus nisi placerat hendrerit bibendum. Nulla arcu sapien, bibendum non fermentum ullamcorper, rutrum at lacus. Duis accumsan mauris non laoreet consectetur. Morbi eu congue ipsum. Vivamus vulputate eu dui quis mattis.</p> \r\n<p>Mauris pretium elit nisi, eu gravida nulla sodales nec. Morbi laoreet porttitor felis vel scelerisque. Maecenas nisl justo, lobortis et justo ac, ultricies iaculis eros. Cras neque ante, finibus ullamcorper enim quis, porta scelerisque dui. Proin hendrerit nibh velit, ut lobortis odio placerat a. Mauris sagittis aliquet ante, in imperdiet ex sodales id. Nam dignissim lorem quis eros semper, nec ornare lectus pharetra. Donec a volutpat odio.</p> \r\n<p>Nam odio tortor, faucibus at orci nec, sodales iaculis eros. Cum sociis natoque penatibus et magnis dis parturient montes, nascetur ridiculus mus. Donec iaculis vestibulum pharetra. Aliquam erat volutpat. In sit amet orci a ipsum commodo semper ac ut mauris. Quisque elementum euismod finibus. Lorem ipsum dolor sit amet, consectetur adipiscing elit. Maecenas nec hendrerit dui, eu mattis nunc. Quisque pharetra quam nisi, ornare feugiat tortor scelerisque at.</p>', '2015-04-09 17:56:06', '2015-04-09 17:56:06', 2),
(9, 'Modal logic', '<p>Lorem ipsum dolor sit amet, consectetur adipiscing elit. Nullam vel nunc urna. Morbi sed dignissim massa, id cursus nisi. Vivamus sed nunc a tellus finibus accumsan sit amet sed lectus. Vestibulum eu ex viverra, tristique lacus eu, semper mauris. Nullam consectetur, urna et varius vulputate, nulla tellus volutpat ante, eu sodales erat mi eget lectus. Etiam varius nibh in turpis pulvinar porttitor. Morbi pellentesque diam ut ante aliquet congue. Cras quam velit, condimentum ut euismod nec, pretium eu nisl. Fusce tempor lacus sed diam dapibus malesuada. Maecenas fringilla enim a mauris hendrerit pharetra. Nulla placerat bibendum consectetur. Donec vitae ex nisl. Phasellus tristique ante molestie felis euismod imperdiet. Donec in sapien ac tellus luctus aliquet eleifend in elit. Maecenas maximus ipsum magna, vel fringilla elit sagittis eu. Etiam tincidunt lorem eu vehicula tempor.</p> \r\n<p>Ut vehicula mauris eu lacus dictum iaculis. Morbi porttitor luctus aliquam. Quisque aliquet consequat dui, vel rhoncus sem rutrum sed. Aliquam faucibus, lectus sit amet commodo aliquet, risus massa congue diam, sit amet ultricies tellus nibh vestibulum tellus. Morbi ut nunc sit amet nulla auctor pellentesque quis et turpis. Maecenas at lectus tincidunt, semper augue ac, posuere dolor. Praesent ultrices nisl nec eleifend euismod.</p> \r\n<p>Vivamus nec condimentum dui. Nullam elementum sit amet est vel ultrices. In finibus egestas metus sed venenatis. Nunc ac turpis at neque interdum condimentum. In egestas sodales tellus at pellentesque. Nunc et metus malesuada, facilisis urna et, mattis orci. Donec tincidunt diam vitae sem accumsan, nec pellentesque eros feugiat. Nam convallis eros in lacinia imperdiet. Mauris vehicula posuere tristique. Vestibulum ante ipsum primis in faucibus orci luctus et ultrices posuere cubilia Curae; Quisque non est tincidunt, malesuada ante ultrices, luctus sapien. Mauris a velit euismod nisl dictum vulputate in sit amet diam. In hac habitasse platea dictumst. Nulla scelerisque urna vitae tortor iaculis auctor. Praesent ex nunc, interdum ac interdum vitae, facilisis aliquam risus. Vivamus eros erat, scelerisque a leo ac, facilisis aliquam velit.</p> ', '2015-04-09 17:56:06', '2015-04-09 17:56:06', 2),
(10, 'Definition', '<p>Lorem ipsum dolor sit amet, consectetur adipiscing elit. Maecenas a luctus neque, in aliquet est. Sed interdum tortor sodales massa tincidunt ultricies vel ac velit. Lorem ipsum dolor sit amet, consectetur adipiscing elit. Proin dignissim commodo mattis. Nunc iaculis euismod elementum. Curabitur tristique tempus dui, vitae gravida mauris egestas vel. Morbi ultricies nisl nec nulla vestibulum, sed vulputate mi semper. Vestibulum egestas felis dolor, sed consectetur ligula pulvinar eget. Ut sed augue auctor, malesuada dui vitae, porta massa. Vivamus tempus vitae ligula id aliquam.</p> ', '2015-04-09 18:00:56', '2015-04-09 18:00:56', 3),
(11, 'Being, existence and reality', '<p>Lorem ipsum dolor sit amet, consectetur adipiscing elit. Cras vitae auctor mauris, et lacinia ligula. In varius, nunc a porta auctor, augue nisl vehicula nulla, sit amet maximus justo magna vestibulum tellus. Donec ut tincidunt enim. Lorem ipsum dolor sit amet, consectetur adipiscing elit. Ut laoreet eget ipsum nec iaculis. Duis quis magna porta, ultrices ex eu, fermentum libero. Ut hendrerit velit scelerisque dapibus ullamcorper. Curabitur a elit et odio maximus blandit. Vestibulum nec hendrerit purus. Fusce tincidunt fermentum sem, sed semper lorem efficitur sed.</p> \r\n<p>Nunc tristique, orci at tempor mattis, nisl ante sollicitudin sapien, in feugiat nibh lacus vel dolor. Maecenas in egestas neque. In sed rutrum sapien, sit amet iaculis nisl. Maecenas a mi sem. Mauris commodo est in sagittis tincidunt. Nam vitae eros urna. Nulla rhoncus ultrices dictum. Donec vestibulum elit quis enim malesuada pharetra. Pellentesque at orci ex. Vestibulum mollis elit vitae mi posuere, eu auctor tellus fringilla. Curabitur eleifend dignissim sapien quis sodales.</p> \r\n<p>Class aptent taciti sociosqu ad litora torquent per conubia nostra, per inceptos himenaeos. Quisque ultrices risus nec ligula eleifend ultrices. Suspendisse laoreet in diam a consequat. Phasellus volutpat sem non magna gravida, ac suscipit nisl condimentum. Suspendisse volutpat libero sed hendrerit fringilla. Vestibulum est lorem, fermentum non tincidunt a, feugiat in velit. Integer facilisis purus dui, quis imperdiet est tempus sit amet. Suspendisse potenti. Integer eget erat sagittis nulla iaculis eleifend et ac arcu. Sed ultricies tellus justo, lacinia ullamcorper metus ultricies ac. Mauris dapibus quam vel odio tristique, quis condimentum nisl sagittis. Mauris tincidunt turpis ac libero molestie blandit. Nunc vehicula hendrerit massa. Maecenas auctor vel lorem non convallis. Phasellus ornare ligula eu condimentum consequat.</p> ', '2015-04-09 18:00:56', '2015-04-09 18:00:56', 3),
(12, 'Empirical and conceptual objects', '<p>Lorem ipsum dolor sit amet, consectetur adipiscing elit. Aliquam purus neque, aliquet et sollicitudin sed, ullamcorper ac libero. Nullam cursus, ex vitae efficitur cursus, diam nunc placerat ligula, sit amet malesuada purus erat sit amet arcu. Cras tristique enim eu tellus aliquam lobortis. Aliquam ex odio, placerat nec augue id, ullamcorper tristique justo. Praesent rhoncus dui et leo sagittis, et sagittis lectus consectetur. Duis lobortis vehicula pretium. Vivamus tristique malesuada nibh id gravida. In porta ultricies tortor sit amet pretium. Mauris non convallis nisi. Proin elementum id ante sed vehicula. Curabitur ac vestibulum magna. Suspendisse ullamcorper volutpat justo ac pulvinar. Proin rutrum ligula lorem, a aliquam tellus convallis pretium. Ut ornare, dui et sodales eleifend, ligula neque posuere mauris, vel auctor nibh erat sit amet arcu. Pellentesque id consectetur dui, ac feugiat augue. Curabitur placerat imperdiet dictum.</p> \r\n<p>Proin risus velit, cursus a molestie nec, auctor ut tellus. Morbi non finibus dui. In ut posuere quam. Donec euismod nec velit vitae semper. In pretium tristique lorem, quis ornare metus malesuada nec. Nulla ac dui suscipit, laoreet mauris at, mollis velit. Donec quis mollis augue. Pellentesque aliquam metus vitae feugiat porta. Proin convallis dui in dolor porttitor, in fermentum dui finibus. Nunc dapibus diam eu fermentum viverra. Vivamus sagittis ex ante, vitae mattis metus finibus ac. Maecenas augue tellus, sodales at nisi vitae, condimentum consequat ipsum.</p> \r\n<p>Sed sit amet auctor erat. Aliquam risus purus, pulvinar eu efficitur sit amet, cursus vel dui. Fusce a dolor augue. Nunc ullamcorper lectus lacus, eget condimentum est fermentum at. Nunc vulputate ultrices vehicula. Quisque ut fringilla justo, sed dapibus ante. Donec pellentesque diam nibh.</p> \r\n<p>Maecenas eget felis ante. Fusce malesuada augue ipsum, facilisis efficitur dolor egestas suscipit. Class aptent taciti sociosqu ad litora torquent per conubia nostra, per inceptos himenaeos. Suspendisse condimentum ligula vitae ultricies egestas. Nullam ultricies porttitor maximus. Quisque scelerisque urna enim, non viverra elit venenatis non. Mauris sit amet ultrices purus. Integer ultricies nunc tortor, eu sagittis nisi suscipit nec. Integer ut lorem pharetra, interdum lorem vel, molestie ex. Vestibulum non fermentum nunc, eu venenatis ex.</p> \r\n<p>Phasellus rhoncus, tellus id pellentesque egestas, justo risus rhoncus velit, sed auctor augue mi malesuada nibh. Donec consectetur sit amet neque quis convallis. Curabitur eu maximus tortor. Phasellus elit risus, semper quis ipsum sed, mattis ullamcorper eros. Vestibulum posuere accumsan condimentum. Etiam vehicula metus id turpis varius vehicula. In tempor aliquet nibh in viverra. Sed ullamcorper quam felis, sed aliquam lectus tincidunt quis. Aliquam sit amet sapien suscipit, tristique mauris et, fermentum ex.</p> \r\n<p>Nam vitae ex nulla. Ut ipsum erat, mollis id tellus sit amet, congue porta odio. Morbi blandit, sapien quis ultrices viverra, ante mi maximus quam, semper bibendum dolor sem nec est. Sed ullamcorper accumsan lectus, at accumsan magna tempus vitae. Cras tristique libero eget massa eleifend, ac dapibus elit facilisis. Vestibulum interdum malesuada metus, ac ornare nibh hendrerit ac. In sit amet felis nec arcu faucibus fringilla vel a leo. Nulla commodo maximus enim, a vestibulum libero vulputate at. Maecenas enim urna, consectetur a volutpat a, ornare non nisl. Nam at sem eleifend turpis molestie pretium ut eget odio. Pellentesque habitant morbi tristique senectus et netus et malesuada fames ac turpis egestas. Sed at pharetra tortor, quis molestie dui.</p> ', '2015-04-09 18:00:56', '2015-04-09 18:00:56', 3),
(13, 'Determinism and free will', '<p>Lorem ipsum dolor sit amet, consectetur adipiscing elit. Etiam vehicula eget nunc sit amet dignissim. Lorem ipsum dolor sit amet, consectetur adipiscing elit. Sed elementum suscipit ante, quis mollis ipsum commodo sed. Etiam consequat interdum finibus. Vestibulum at finibus velit, non pellentesque enim. Mauris eget nisl non est convallis sodales in in sem. Mauris sapien orci, tristique et consequat vel, sagittis ac ipsum. Etiam malesuada leo ultricies nisl sollicitudin lobortis. Suspendisse malesuada urna ultrices, fringilla libero eu, mattis arcu. Duis pharetra neque at erat interdum, et euismod nisi convallis. Pellentesque et rutrum libero.</p> \r\n<p>Ut eu commodo dui. Proin non urna ac ex pharetra iaculis. Sed at varius eros. Pellentesque imperdiet laoreet maximus. Integer pellentesque condimentum risus, bibendum dignissim libero sollicitudin in. Nam fermentum ornare libero, ut dictum neque viverra in. Sed finibus velit arcu. Pellentesque blandit efficitur lectus ut scelerisque. Sed sit amet odio dignissim felis vestibulum pellentesque. Nunc scelerisque, arcu a scelerisque mattis, metus dolor sodales eros, a accumsan lorem tortor mattis diam.</p> ', '2015-04-09 18:00:56', '2015-04-09 18:00:56', 3);
INSERT INTO `chapters` (`id`, `title`, `body`, `createdAt`, `updatedAt`, `LessonId`) VALUES
(14, 'Identity and change', '<p>Lorem ipsum dolor sit amet, consectetur adipiscing elit. Sed eget erat vitae mauris euismod euismod eget eget nisl. Vivamus vestibulum, magna a condimentum ornare, neque mi laoreet libero, id molestie tortor risus eu nisl. Donec nec arcu posuere, dapibus nisi a, ornare orci. Integer maximus vulputate sapien sed ultricies. Suspendisse in nulla tellus. Nullam pretium et ante non ultrices. Donec feugiat dapibus lorem, ut sagittis nisl faucibus sed. Praesent id dapibus tellus, in scelerisque ex. Nunc posuere leo sed ante mattis convallis. Nunc non risus sit amet enim porttitor condimentum eu nec purus.</p> \r\n<p>Curabitur sit amet purus at ipsum pulvinar commodo. Donec nec dignissim leo. Etiam nec enim volutpat, dignissim lorem ac, congue diam. Praesent quam libero, ultricies et tincidunt vitae, tincidunt in diam. Mauris a elit nec quam facilisis commodo vitae et velit. Cras condimentum erat vitae vestibulum dapibus. Phasellus vulputate elit vel mauris ullamcorper, porttitor ullamcorper dolor vestibulum. Donec eleifend elit tortor, id tristique lectus vulputate in. Interdum et malesuada fames ac ante ipsum primis in faucibus. Sed ac lectus urna. Pellentesque sagittis posuere velit, nec suscipit lectus dapibus at. Sed gravida, turpis ac tincidunt viverra, nisl sem aliquam nulla, sit amet suscipit sem nisl et tortor. In pretium dolor vitae tortor lacinia congue. Curabitur auctor dui in tellus faucibus tincidunt. Vivamus lobortis condimentum massa nec ultricies.</p> \r\n<p>Vestibulum dignissim odio ut lacus fringilla viverra quis quis felis. Quisque placerat dolor lobortis magna bibendum commodo. Integer id tincidunt dolor, sed luctus nisi. Donec varius pharetra auctor. Proin est massa, convallis eu orci ut, eleifend vestibulum tellus. In nisl elit, tristique in elit quis, fringilla viverra leo. In mollis suscipit est quis molestie. Ut ipsum justo, congue non ultrices eget, dapibus et odio.</p> \r\n<p>Quisque dictum laoreet ex, eu varius augue. Phasellus ac urna quis dolor sagittis rutrum nec sed sapien. Sed volutpat augue in quam consequat, eget bibendum lorem dictum. Sed faucibus sagittis eros at molestie. Morbi suscipit erat a rhoncus mattis. Pellentesque quis odio vel dui dapibus iaculis vel quis sem. Etiam id nisi sagittis, facilisis felis vitae, sodales neque. Nullam egestas, dui ac placerat viverra, nibh sapien dictum nunc, a viverra augue justo in elit. Quisque non blandit ante. Maecenas eget augue velit. Cum sociis natoque penatibus et magnis dis parturient montes, nascetur ridiculus mus. Maecenas nisl nunc, blandit nec eros ut, sagittis accumsan eros. Curabitur mollis mi euismod euismod consectetur. Donec ornare, turpis eget rhoncus sodales, mi tellus mollis odio, eget feugiat odio neque at lacus.</p> ', '2015-04-09 18:00:56', '2015-04-09 18:00:56', 3),
(15, 'Mind and matter', '<p>Lorem ipsum dolor sit amet, consectetur adipiscing elit. Cras tincidunt tincidunt enim ut rutrum. Proin dictum lorem sit amet nulla sollicitudin pretium. Duis auctor suscipit vulputate. Ut venenatis quis neque vel volutpat. Donec nec magna varius neque viverra consequat. Etiam molestie, nulla vel aliquet iaculis, mi libero gravida magna, vitae sagittis odio libero quis tortor. Donec semper rhoncus eros ac euismod. Nunc sed turpis mi. In hac habitasse platea dictumst. Cras lacinia purus felis. Morbi porta ligula lacus, non consectetur turpis interdum a. Donec in tortor libero. Maecenas elementum felis sed sapien volutpat tristique. Phasellus lacinia diam at metus ultricies, a faucibus risus condimentum. Aenean quis luctus nunc. Nullam tincidunt condimentum nibh, ut congue lectus blandit eget.</p> \r\n<p>Curabitur et lorem at massa convallis ultrices vitae id mauris. Aenean auctor rhoncus luctus. Lorem ipsum dolor sit amet, consectetur adipiscing elit. Etiam ornare sollicitudin ex, et eleifend ante ornare et. Curabitur auctor ex eu magna facilisis ornare. Duis eget augue sit amet velit aliquam pretium non et lorem. Praesent ac quam vitae eros sollicitudin vehicula a non nisi. Nam aliquet in ante non finibus. Nullam mollis tellus vitae justo aliquet aliquam. In viverra lacus vitae iaculis tristique. In hac habitasse platea dictumst. Sed varius rutrum diam. Etiam dapibus ut sapien sit amet porta.</p> \r\n<p>Vestibulum vestibulum sapien massa, et dapibus neque lacinia eget. Aenean sit amet massa felis. Proin accumsan gravida sem, id rhoncus turpis imperdiet pharetra. Cras quis tortor eros. Lorem ipsum dolor sit amet, consectetur adipiscing elit. Vivamus porta neque eget sollicitudin luctus. Quisque cursus metus vitae porttitor sagittis. Aenean id cursus diam. Aenean sit amet felis tempor sapien commodo rutrum nec sed arcu.</p> ', '2015-04-09 18:00:56', '2015-04-09 18:00:56', 3),
(16, 'Necessity and possibility', '<p>Lorem ipsum dolor sit amet, consectetur adipiscing elit. Duis ut eros nulla. Nam porta sem lacus, eu commodo velit imperdiet eu. Aliquam egestas tortor elit, nec tincidunt diam euismod vel. Nulla consectetur ipsum vel mollis euismod. Ut quam tortor, maximus vitae lacus sit amet, gravida tempor sem. Fusce ac eros sit amet nibh posuere aliquet quis vel tortor. Vestibulum dapibus sagittis nunc, eget vestibulum massa mattis non.</p> \r\n<p>Phasellus luctus scelerisque feugiat. Vestibulum malesuada, mi eu luctus pulvinar, tellus diam luctus ex, quis mollis metus nibh eu sem. Ut sodales, magna et lacinia mattis, metus nulla laoreet metus, ac placerat leo magna a justo. Quisque in pharetra tellus, eu faucibus risus. In placerat, ligula vel faucibus dignissim, risus dolor vestibulum justo, sit amet aliquet metus justo at risus. In ligula purus, finibus sit amet nisi sed, fringilla condimentum est. Phasellus tristique urna augue, in feugiat ipsum porta vel. Maecenas et lorem egestas, pretium justo vitae, faucibus purus. Fusce venenatis lobortis posuere. Donec ornare orci a ipsum semper commodo. Vivamus condimentum, enim ut accumsan maximus, felis odio molestie nibh, vel feugiat enim enim vel metus. Cras rhoncus suscipit orci in sodales.</p> \r\n<p>Integer porttitor gravida augue, ut elementum ex ultrices ut. Cras venenatis aliquam sapien id lacinia. Sed sit amet augue eget eros hendrerit ultricies in at mi. Donec venenatis suscipit nulla, et tincidunt metus condimentum ut. Integer eu gravida nisl. Vivamus egestas pretium mi, nec condimentum ex fermentum lacinia. Ut eu vulputate eros. Integer vitae pulvinar neque. Etiam consequat egestas leo eu ultrices. Maecenas congue tempus velit consectetur convallis. Pellentesque habitant morbi tristique senectus et netus et malesuada fames ac turpis egestas. Vestibulum porta libero nisl, eu posuere orci lobortis ac. Nulla fermentum in nunc in consequat. Vestibulum eget lobortis quam.</p> \r\n<p>Vivamus malesuada, orci ac gravida interdum, enim neque sodales sem, in sodales elit nisl vel nisl. In porttitor ipsum odio, at eleifend nulla aliquet in. Praesent vel varius ipsum, at sagittis risus. In arcu lorem, molestie in bibendum quis, mollis eu arcu. Sed iaculis, lacus ut faucibus posuere, ex neque fermentum lectus, vitae commodo mi sapien vel felis. Duis at fringilla sapien. In rhoncus elementum ipsum eu fringilla. Nullam sed finibus felis. Donec id arcu vitae ipsum convallis pretium. Nulla pretium tortor sed arcu semper, eget placerat risus varius.</p> \r\n<p>Nam et lobortis velit. Ut at enim sapien. Aliquam erat volutpat. Cras porta, justo ut gravida fringilla, purus magna pellentesque metus, et ultricies neque felis ut metus. Nullam sodales et libero vel faucibus. Nulla congue, ex eget bibendum elementum, dui leo fermentum eros, id vulputate purus risus in arcu. Suspendisse potenti. Integer consequat orci et mauris ornare ultricies. Suspendisse hendrerit dolor urna, sit amet viverra augue lobortis eget. Nullam nec ligula augue. Curabitur at arcu erat. Quisque eu arcu odio.</p> ', '2015-04-09 18:00:56', '2015-04-09 18:00:56', 3),
(17, 'Definition', '<p>Lorem ipsum dolor sit amet, consectetur adipiscing elit. Sed auctor id nunc ac sodales. Etiam sed diam nec mi dictum luctus. Duis eget gravida arcu. Nam quis luctus lorem, et sagittis sapien. Aliquam tristique, sapien at placerat lobortis, justo tortor rhoncus augue, at feugiat tellus purus eget purus. Aenean imperdiet tincidunt mauris. Aliquam imperdiet rutrum ante at ornare. Aenean tincidunt nulla et lacus vestibulum scelerisque sed non justo. Fusce ultrices bibendum diam quis suscipit.</p>  <p>Aliquam a sollicitudin quam. Integer fermentum felis vel diam tincidunt, eu hendrerit enim vestibulum. Vivamus aliquam ipsum in posuere semper. Donec cursus sollicitudin pulvinar. Nunc bibendum ipsum eros. Maecenas consectetur lobortis turpis id fringilla. Maecenas bibendum lorem non diam consequat, eget efficitur eros suscipit. Etiam porttitor purus nec cursus interdum. Duis id iaculis tellus. Suspendisse id ligula sit amet velit pretium rutrum et fermentum risus.</p> ', '2015-04-09 18:04:57', '2015-04-09 18:04:57', 4),
(18, 'Meta-ethics', '<p>Lorem ipsum dolor sit amet, consectetur adipiscing elit. Sed auctor id nunc ac sodales. Etiam sed diam nec mi dictum luctus. Duis eget gravida arcu. Nam quis luctus lorem, et sagittis sapien. Aliquam tristique, sapien at placerat lobortis, justo tortor rhoncus augue, at feugiat tellus purus eget purus. Aenean imperdiet tincidunt mauris. Aliquam imperdiet rutrum ante at ornare. Aenean tincidunt nulla et lacus vestibulum scelerisque sed non justo. Fusce ultrices bibendum diam quis suscipit.</p> \r\n<p>Aliquam a sollicitudin quam. Integer fermentum felis vel diam tincidunt, eu hendrerit enim vestibulum. Vivamus aliquam ipsum in posuere semper. Donec cursus sollicitudin pulvinar. Nunc bibendum ipsum eros. Maecenas consectetur lobortis turpis id fringilla. Maecenas bibendum lorem non diam consequat, eget efficitur eros suscipit. Etiam porttitor purus nec cursus interdum. Duis id iaculis tellus. Suspendisse id ligula sit amet velit pretium rutrum et fermentum risus.</p> \r\n', '2015-04-09 18:04:57', '2015-04-09 18:04:57', 4),
(19, 'Normative ethics', '<p>Lorem ipsum dolor sit amet, consectetur adipiscing elit. Proin hendrerit sapien ac sodales tincidunt. Maecenas aliquam volutpat neque, sit amet maximus dui facilisis et. Donec et eros cursus velit ultrices eleifend non nec leo. Nam non erat volutpat, rhoncus lacus eu, commodo metus. Morbi sollicitudin, nisl a ultrices aliquam, neque dui dignissim tellus, scelerisque fermentum sapien nunc sit amet lectus. Nulla nisl ex, maximus eget volutpat ut, tempor vel justo. Vivamus tempus in nisl auctor accumsan. Mauris pharetra tortor metus, eget dapibus lorem gravida in. Sed vel ipsum turpis. In vel massa at sem dignissim mattis eu quis neque.</p> \r\n<p>Proin et iaculis ante. Integer nisl lorem, convallis a est ut, imperdiet luctus massa. In id magna vitae purus malesuada bibendum. Nulla volutpat vel orci ut sollicitudin. Cras eu nisl tellus. In gravida nisl sed elementum sollicitudin. Nunc quis ultrices est, sit amet malesuada urna. Interdum et malesuada fames ac ante ipsum primis in faucibus. Nulla laoreet gravida urna, sit amet aliquam dui vehicula a. Morbi sit amet nisi sed velit varius volutpat. Pellentesque bibendum porttitor ullamcorper. Vestibulum placerat congue tortor in fermentum. Cum sociis natoque penatibus et magnis dis parturient montes, nascetur ridiculus mus. Morbi varius scelerisque ipsum nec blandit. Nam venenatis risus ut justo imperdiet faucibus. Pellentesque sed risus eu urna bibendum sollicitudin.</p> \r\n', '2015-04-09 18:04:57', '2015-04-09 18:04:57', 4),
(20, 'Applied ethics', '<p>Lorem ipsum dolor sit amet, consectetur adipiscing elit. Praesent non dapibus ipsum, at aliquam augue. Suspendisse gravida, urna efficitur auctor imperdiet, nunc nibh sodales justo, sed molestie sapien arcu finibus mauris. Pellentesque tincidunt tincidunt lectus et imperdiet. Pellentesque auctor turpis justo, eleifend blandit nisl aliquam non. Mauris vehicula leo quam, vitae ornare enim imperdiet nec. Cras non posuere quam, nec pharetra mi. Cras eget dictum nunc. Morbi dignissim imperdiet facilisis. Fusce varius arcu at efficitur varius. Duis varius risus rhoncus elementum iaculis. Nulla nisl augue, dignissim eu nulla in, blandit auctor neque. Fusce tincidunt velit nisl, eget commodo augue fermentum et. Nam vel molestie purus. Suspendisse sodales non sem in accumsan. Nunc molestie tellus a urna tristique pretium.</p> \r\n<p>Phasellus rutrum diam et neque euismod sagittis. Fusce consectetur, leo sollicitudin gravida molestie, nisl ante ullamcorper dolor, id mattis metus metus sit amet ante. In faucibus viverra finibus. Integer magna tellus, ultrices at tellus quis, fermentum pulvinar metus. Aliquam erat volutpat. Donec sit amet elit libero. Mauris eu massa rhoncus, lobortis diam nec, tristique ipsum. Donec vel ipsum in libero consequat sodales et vel massa. Morbi nulla arcu, euismod vel quam et, imperdiet posuere justo. Integer tincidunt sapien id urna placerat tincidunt. Aliquam hendrerit ac ante non elementum. Phasellus quis egestas erat.</p> \r\n<p>Phasellus et ante eget magna gravida finibus. Aenean consequat libero massa, eget posuere odio tristique ut. Vivamus quis dolor et mi ultricies lacinia. Mauris auctor enim nisl, sed pellentesque tortor lobortis vitae. Interdum et malesuada fames ac ante ipsum primis in faucibus. Vivamus at bibendum felis, vitae laoreet ante. Phasellus eget neque justo. Pellentesque nec urna sollicitudin, aliquet massa nec, rhoncus urna. Etiam egestas condimentum luctus. Curabitur accumsan diam eget aliquam condimentum. Proin pretium ex sed lectus suscipit, sed dapibus metus commodo. Curabitur suscipit interdum porttitor. Fusce quis pulvinar nulla.</p> \r\n<p>Praesent sapien mi, maximus ac semper at, consequat et elit. Phasellus blandit molestie mi, in consequat ligula interdum ut. Nunc posuere dolor ut porttitor tempus. Aliquam vel justo varius, interdum dui non, luctus massa. Quisque eu enim convallis, vehicula odio eu, convallis ex. Mauris at dictum ex. Maecenas non eleifend ipsum. Praesent vestibulum felis elit, quis pharetra nibh tempus quis. Quisque volutpat nisl vel auctor pulvinar. Ut nec porta risus, at bibendum ligula. Integer vitae dolor eu ante consectetur egestas ut ac metus. Cras eget pulvinar justo, a laoreet diam.</p> \r\n', '2015-04-09 18:04:57', '2015-04-09 18:04:57', 4),
(21, 'Historical political systems', '<p>Lorem ipsum dolor sit amet, consectetur adipiscing elit. Curabitur a sem velit. Donec viverra fringilla erat, quis ultrices enim vulputate nec. Sed auctor diam ac orci ullamcorper, in accumsan purus suscipit. Sed suscipit feugiat nunc ac aliquet. Integer quis facilisis urna, quis vestibulum tortor. Class aptent taciti sociosqu ad litora torquent per conubia nostra, per inceptos himenaeos. Donec leo augue, luctus non placerat sed, sagittis at risus. Cras blandit velit augue, at mollis purus tempor ut. Maecenas nunc sem, dapibus ac eros non, vehicula tempus augue. Duis imperdiet neque in auctor lacinia. Nunc eget erat sed arcu luctus volutpat. Duis eu pharetra tellus, fringilla posuere turpis. Donec malesuada rhoncus metus elementum ullamcorper. Aenean libero lectus, eleifend nec fringilla nec, faucibus at dui. Duis gravida nibh sed ultrices dignissim. In hac habitasse platea dictumst.</p> \r\n<p>Etiam accumsan, quam sit amet dignissim faucibus, dolor nulla blandit ipsum, ac lobortis velit erat a enim. Sed in quam id risus rhoncus venenatis gravida ut tellus. Nullam ultrices eget dui nec congue. Vestibulum congue odio ac libero faucibus, non porta tellus pharetra. In auctor efficitur tincidunt. Etiam at sem eget nisi dignissim sodales in nec purus. Duis tristique eu elit vitae cursus.</p> \r\n<p>Integer et massa leo. Nullam felis augue, euismod quis vehicula a, gravida vitae turpis. Maecenas a porta dolor. Etiam vel ipsum lorem. Nullam vestibulum suscipit diam, vel tincidunt neque aliquet eget. Sed ornare turpis a rutrum consectetur. Ut hendrerit id magna ut aliquet. Aliquam semper a elit vitae commodo. Proin ante felis, elementum et rhoncus id, mollis id metus. Pellentesque porta consequat erat at iaculis. Proin ut ligula eu mi tincidunt tincidunt eget ac sapien. Ut suscipit lorem in enim fringilla suscipit. Ut ullamcorper risus hendrerit elit lobortis, eu laoreet sapien consequat. Donec porttitor luctus pellentesque. Proin lorem libero, pretium sit amet metus ut, rhoncus tempus purus.</p> ', '2015-04-09 18:04:57', '2015-04-09 18:04:57', 4),
(22, 'Contemporary political systems', '<p>Lorem ipsum dolor sit amet, consectetur adipiscing elit. Suspendisse sed est sodales, semper mi vitae, hendrerit odio. Donec in mattis risus. Nulla facilisi. Donec aliquet vulputate commodo. Donec sit amet ipsum sit amet quam vulputate pretium. Pellentesque vestibulum nisl sit amet magna dictum pellentesque at semper urna. Morbi cursus pretium ullamcorper. Proin at dignissim mauris. Fusce at odio est. Sed dui purus, pellentesque eu dictum vel, sodales sed risus. Mauris a purus mi. Maecenas at ligula placerat, consequat nulla vel, elementum mauris. In hac habitasse platea dictumst.</p> \r\n<p>Nulla aliquet, metus nec lobortis elementum, ligula lectus gravida lorem, placerat imperdiet arcu neque sed nunc. In nec faucibus mauris. Maecenas non ex et tellus placerat ornare. Lorem ipsum dolor sit amet, consectetur adipiscing elit. Aenean placerat varius ipsum, non placerat nunc porttitor a. Suspendisse finibus dictum lacus. Cras mi tellus, fermentum vitae mi ac, faucibus tincidunt odio.</p> \r\n<p>Quisque a ante rutrum sem aliquet molestie ut vitae tellus. Etiam venenatis quam eget justo consequat porttitor dapibus et nisi. Maecenas posuere lacinia rhoncus. Sed auctor tincidunt tristique. Suspendisse ac purus vel nulla euismod laoreet. Etiam mattis lectus sed elit tincidunt, vitae scelerisque risus aliquet. Sed a nibh odio. Quisque sit amet vestibulum ante. Praesent aliquet molestie arcu, varius hendrerit sapien sollicitudin quis. Maecenas facilisis tincidunt pharetra. Nulla quis congue turpis. Aenean nunc nunc, viverra sit amet dictum a, tempor et nunc. Nullam luctus, elit at vestibulum accumsan, lorem erat ullamcorper urna, dictum fermentum lacus orci id turpis. Fusce condimentum arcu et purus dignissim eleifend.</p> \r\n<p>Quisque in pharetra enim, eget eleifend arcu. Mauris elementum malesuada justo, nec iaculis neque elementum quis. Donec viverra vehicula suscipit. Praesent dignissim leo quis euismod aliquet. Vestibulum aliquam fermentum elementum. Fusce molestie ornare interdum. Cras in felis a felis pretium dictum. Fusce vel enim ut metus congue luctus. Donec rutrum, erat in condimentum tincidunt, ligula justo volutpat justo, ac porttitor quam est sit amet massa. Vestibulum venenatis dapibus luctus. Donec dapibus velit tincidunt ex elementum, a varius est pharetra.</p> \r\n<p>Mauris suscipit enim quis felis consectetur iaculis. Donec leo metus, porttitor vitae velit ullamcorper, volutpat dignissim lectus. Morbi id lacinia lorem. Donec vel elit non quam euismod mollis. Vivamus ac tincidunt ligula. Sed tortor arcu, luctus id convallis eget, sollicitudin id justo. Donec hendrerit tortor vitae auctor mollis. Pellentesque porttitor dictum magna, ac viverra velit gravida et. Vivamus rutrum libero eget nisi condimentum, quis ullamcorper erat consequat. Ut feugiat tempus dolor, vitae congue lacus aliquet at. Praesent eget elementum urna, sed volutpat mi. Nulla bibendum ornare est, id sollicitudin metus dignissim eget. Lorem ipsum dolor sit amet, consectetur adipiscing elit. Praesent accumsan, sapien eget condimentum feugiat, mauris leo egestas nunc, vitae maximus est arcu eu nisi. Sed sodales est id orci sollicitudin, et porttitor ex egestas.</p> ', '2015-04-09 18:04:57', '2015-04-09 18:04:57', 4);

-- --------------------------------------------------------

--
-- Table structure for table `courses`
--

CREATE TABLE IF NOT EXISTS `courses` (
  `id` int(11) NOT NULL,
  `title` varchar(255) NOT NULL,
  `introduction` text NOT NULL,
  `createdAt` datetime NOT NULL,
  `updatedAt` datetime NOT NULL
) ENGINE=InnoDB AUTO_INCREMENT=2 DEFAULT CHARSET=utf8;

--
-- Dumping data for table `courses`
--

INSERT INTO `courses` (`id`, `title`, `introduction`, `createdAt`, `updatedAt`) VALUES
(1, 'Philosophy 101', '<div class="container">\r\n	<h1><span class="glyphicon glyphicon-blackboard"></span> Philosophy 101</h1>\r\n	<div class="row">\r\n		<div class="col-md-6">\r\n			<div class="well">\r\n				<p><strong>Philosophy</strong> is the study of general and fundamental problems, such as those connected with reality, existence, knowledge, values, reason, mind, and language.</p>\r\n				<p>Philosophy is distinguished from other ways of addressing such problems by its critical, generally systematic approach and its reliance on rational argument.</p>\r\n				<cite>\r\n					<a href="http://en.wikipedia.org/wiki/Philosophy" target="_blank">Wikipedia</a>\r\n				</cite>\r\n			</div>\r\n		</div>\r\n		<div class="col-md-6 inner-border-2x2">\r\n			<div class="row">\r\n				<div class="col-sm-6 text-center">\r\n					<h4>\r\n						<a class="btn btn-default btn-lg" href="#/absorb">\r\n							<span class="glyphicon glyphicon-book"></span> Absorb\r\n						</a>\r\n					</h4>\r\n					<p>Read and study materials</p>\r\n				</div>\r\n				<div class="col-sm-6 text-center">\r\n					<h4>\r\n						<a class="btn btn-default btn-lg" href="#/retain">\r\n							<span class="glyphicon glyphicon-bookmark"></span> Retain\r\n						</a>\r\n					</h4>\r\n					<p>Take and review your notes</p>\r\n				</div>\r\n			</div>\r\n			<div class="row">\r\n				<div class="col-sm-6 text-center">\r\n					<h4>\r\n						<a class="btn btn-default btn-lg" href="#/evaluate">\r\n							<span class="glyphicon glyphicon-list-alt"></span> Evaluate\r\n						</a>\r\n					</h4>\r\n					<p>Assess your knowledge via practice tests</p>\r\n				</div>\r\n				<div class="col-sm-6 text-center">\r\n					<h4>\r\n						<a class="btn btn-default btn-lg" disabled>\r\n							<span class="glyphicon glyphicon-dashboard"></span> Measure\r\n						</a>\r\n					</h4>\r\n					<p>Examine your performance metrics</p>\r\n				</div>\r\n			</div>\r\n		</div>\r\n	</div>\r\n	<hr>\r\n	<p class="lead">Ready to give it a try? \r\n		<a href="#/absorb">Start learning now!</a>\r\n	</p>\r\n</div>\r\n<div class="jumbotron">\r\n	<div class="container">\r\n		<blockquote class="big-quote">\r\n			<h2>All men, by nature, desire knowledge.</h2>\r\n			<cite>\r\n				<a href="http://en.wikiquote.org/wiki/Aristotle" target="_blank">Aristotle</a>\r\n			</cite>\r\n		</blockquote>\r\n	</div>\r\n</div>', '2015-04-07 21:46:02', '2015-04-07 21:46:02');

-- --------------------------------------------------------

--
-- Table structure for table `lessons`
--

CREATE TABLE IF NOT EXISTS `lessons` (
  `id` int(11) NOT NULL,
  `title` varchar(255) NOT NULL,
  `createdAt` datetime NOT NULL,
  `updatedAt` datetime NOT NULL,
  `CourseId` int(11) DEFAULT NULL
) ENGINE=InnoDB AUTO_INCREMENT=5 DEFAULT CHARSET=utf8;

--
-- Dumping data for table `lessons`
--

INSERT INTO `lessons` (`id`, `title`, `createdAt`, `updatedAt`, `CourseId`) VALUES
(1, 'Epistemology', '2015-04-07 21:46:22', '2015-04-07 21:46:22', 1),
(2, 'Logic', '2015-04-08 16:08:32', '2015-04-08 16:08:32', 1),
(3, 'Metaphysics', '2015-04-08 16:08:54', '2015-04-08 16:08:54', 1),
(4, 'Ethics and political philosophy', '2015-04-08 16:09:17', '2015-04-08 16:09:17', 1);

-- --------------------------------------------------------

--
-- Table structure for table `notes`
--

CREATE TABLE IF NOT EXISTS `notes` (
  `id` int(11) NOT NULL,
  `block` int(10) unsigned NOT NULL,
  `content` text NOT NULL,
  `ChapterId` int(11) DEFAULT NULL,
  `createdAt` datetime NOT NULL,
  `updatedAt` datetime NOT NULL
) ENGINE=InnoDB AUTO_INCREMENT=12 DEFAULT CHARSET=utf8;

--
-- Dumping data for table `notes`
--

INSERT INTO `notes` (`id`, `block`, `content`, `ChapterId`, `createdAt`, `updatedAt`) VALUES
(1, 0, 'Test! asdf', 1, '2015-04-10 03:05:38', '2015-04-10 06:04:01'),
(2, 1, 'Hello?', 1, '2015-04-10 03:10:48', '2015-04-10 03:10:48'),
(3, 3, 'Hi! Test!', 1, '2015-04-10 03:10:54', '2015-04-10 05:25:18'),
(4, 4, 'Hey!', 1, '2015-04-10 03:11:15', '2015-04-10 03:11:15'),
(5, 0, 'Hi!', 2, '2015-04-10 03:11:19', '2015-04-10 03:11:19'),
(6, 9, 'Test', 2, '2015-04-10 03:12:50', '2015-04-10 03:12:50'),
(7, 8, 'Test', 4, '2015-04-10 03:56:02', '2015-04-10 03:56:02'),
(8, 1, '', 11, '2015-04-10 05:14:07', '2015-04-10 05:14:07'),
(9, 1, 'Taking a note! This is actually a rather surprisingly lengthy note, compared to the other notes I''ve taken in this course.', 12, '2015-04-10 05:14:10', '2015-04-10 19:29:01'),
(10, 0, 'PREDICATE LOGIC', 8, '2015-04-10 05:16:29', '2015-04-10 05:18:18'),
(11, 8, 'asdf', 1, '2015-04-10 06:04:08', '2015-04-10 06:04:08');

-- --------------------------------------------------------

--
-- Table structure for table `questions`
--

CREATE TABLE IF NOT EXISTS `questions` (
  `id` int(11) NOT NULL,
  `content` text NOT NULL,
  `answers` text NOT NULL,
  `createdAt` datetime NOT NULL,
  `updatedAt` datetime NOT NULL,
  `LessonId` int(11) DEFAULT NULL
) ENGINE=InnoDB AUTO_INCREMENT=101 DEFAULT CHARSET=utf8;

--
-- Dumping data for table `questions`
--

INSERT INTO `questions` (`id`, `content`, `answers`, `createdAt`, `updatedAt`, `LessonId`) VALUES
(1, 'Who is John Galt?', '[{"content":"Ferris Bueller"},{"content":"Somebody that I used to know"},{"content":"The creator and the destroyer","correct":true},{"content":"Nobody in particular"}]', '2015-04-10 20:06:59', '2015-04-10 20:06:59', 1),
(2, 'What is the Answer to the Ultimate Question of Life, the Universe, and Everything?', '[{"content":"42","correct":true},{"content":"TBD"},{"content":"There is no answer"},{"content":"Other"}]', '2015-04-10 20:09:25', '2015-04-10 20:09:25', 1),
(3, 'nte. Donec in dapibus arcu, vestibulum elementum nulla. Curabitur efficitur ex l', '[{"content":"que at ligula ut suscipit. Cras eget erat lorem. Etiam tristi","correct":false},{"content":"licitudin ac nibh e","correct":false},{"content":"uam mollis nisi a lacus accumsan, e","correct":true},{"content":"finibus at sapien. Vivamus aliquet magna ut ipsum ","correct":false}]', '2015-04-11 08:10:17', '2015-04-11 08:10:17', 4),
(4, 're auctor. Nunc lacus mi, porta vel orci at, cursus aliquam risus. In hac habitasse platea dictumst. Aenean cursus sem eu dui euismod tristique. Proin dictum feugiat sem', '[{"content":" a mi quis risu","correct":true},{"content":"ncidunt odio id leo feugiat, in fringill","correct":false},{"content":" Suspendisse sit ","correct":false},{"content":" Nunc tincidunt diam urna, gravida ultrices diam cur","correct":false}]', '2015-04-11 08:10:17', '2015-04-11 08:10:17', 3),
(5, 'um arcu, a accumsan est lectus vel elit. Proin tincidunt fermentum nibh, eget porttitor nunc varius eget. Phasellus sem orci, rhoncus at veli', '[{"content":"orttitor elit. Ut mal","correct":false},{"content":"sus, eget faucibus lectus varius ","correct":false},{"content":" elementum et neque a dapibus. Quisque vel elem","correct":false},{"content":"s. Nulla nec sagittis est. Praesent sit amet nibh qua","correct":true}]', '2015-04-11 08:10:17', '2015-04-11 08:10:17', 4),
(6, 'lentesque. Cras in interdum magna. Duis in lorem a augue ultricies plac', '[{"content":"ec eget arcu. Nunc vitae l","correct":false},{"content":"rat. Etiam congue ","correct":false},{"content":"emper ante, et facilisis tellus. Cras eget","correct":true},{"content":"x. Praesent in molestie nisi. Vivamus vi","correct":false}]', '2015-04-11 08:10:17', '2015-04-11 08:10:17', 2),
(7, 's faucibus odio, et rhoncus orci. Sed tincidunt fring', '[{"content":"tesque in blandit est. Morbi ","correct":true},{"content":"usce viverra erat maximus, tempor","correct":false},{"content":"Mauris felis libero, accumsa","correct":false},{"content":" vestibulum volutpat. Mauris vehicula sodales n","correct":false}]', '2015-04-11 08:10:17', '2015-04-11 08:10:17', 2),
(8, 'cus vel felis eu congue. Proin scelerisque consectetur ipsum eu ultrices. Nulla feugiat in elit at luct', '[{"content":"t malesuada fames ac turpis egestas. Quisque non hendrerit lig","correct":false},{"content":" nisi. Nunc id malesuada mi. Vestibulum eget pulvi","correct":false},{"content":"us. Fusce nunc dolor, consectetur nec conv","correct":true},{"content":"consectetur adipiscing elit. Nulla congue dolor nec erat lobo","correct":false}]', '2015-04-11 08:10:17', '2015-04-11 08:10:17', 4),
(9, 'm, lorem libero vehicula elit, non cursus ante dolor at quam. Nam congue nisi ex, in rhoncus neque scel', '[{"content":"d vulputate metus rhoncus","correct":false},{"content":" luctus lacinia purus. In fringilla neque purus, id vu","correct":false},{"content":"to, euismod a magna eu, sollicitudin preti","correct":true},{"content":"bi a aliquam orci. Nunc pulvina","correct":false}]', '2015-04-11 08:10:17', '2015-04-11 08:10:17', 2),
(10, 'os ultricies. Pellentesque ligula metus, vehicula vitae mollis ', '[{"content":"x sit amet nunc. Vivamus","correct":false},{"content":"diam. Nunc dui orci, suscipit at ","correct":true},{"content":"onsectetur luctus id at arcu. Quisque commodo lacus a do","correct":false},{"content":"ue senectus et netus et malesuada fames ","correct":false}]', '2015-04-11 08:10:17', '2015-04-11 08:10:17', 2),
(11, 'uada et. Vivamus libero nunc, blandit at faucibus convallis, fermentum vel elit. Sed iaculis, lectus commodo iaculis ultrices, neque diam aliquam purus, non scelerisque nisl sapien a ', '[{"content":"eet. Vivamus dapibus erat quis molestie rutrum. Quisque in a","correct":false},{"content":", lacus augue pretium dui, vitae varius risus metus a orci. Aliq","correct":false},{"content":"lamcorper, mi lectus dignissim enim, qui","correct":false},{"content":" ut dapibus lacus sem in metus. Nulla luctus ut dui i","correct":true}]', '2015-04-11 08:10:17', '2015-04-11 08:10:17', 4),
(12, 'd tristique. Proin dictum feugiat sem ut pellentesque. Cum sociis natoque penatibus et magnis dis parturient montes, nascetur ridiculus mus. Nullam sed elit s', '[{"content":"lam quis urna id nunc lacinia imperdiet. Vestibulum finibus urna","correct":false},{"content":". Donec auctor dolor a est ","correct":false},{"content":"in molestie vitae in dolor","correct":false},{"content":"tiam consectetur quis dui vel aliquet. Nulla ac mollis nunc, n","correct":true}]', '2015-04-11 08:10:17', '2015-04-11 08:10:17', 3),
(13, ', dapibus at arcu a, gravida convallis justo. Suspendisse potenti. Donec vel nisl lorem. Suspendisse potenti. Maecenas hendrerit velit in malesuada iaculis. Etiam non vestibulum diam. Ut ', '[{"content":"e dolor nec erat lobortis efficitur. Quisque ve","correct":false},{"content":"t amet, consectetur adipiscing elit. Praesent volut","correct":false},{"content":"suada fames ac turp","correct":false},{"content":". Cras eget erat lorem. Etiam tristique leo nec turpis ","correct":true}]', '2015-04-11 08:10:17', '2015-04-11 08:10:17', 3),
(14, 'im felis tincidunt rhoncus. Phasellus et consectetur metus, quis bibendum nisl. Nunc quis metus vel odio finibus dapibus. Pellentesque et dui ', '[{"content":"tae sed ipsum. Curabitu","correct":true},{"content":"suada porta facilisis, dolor ex euismod nulla, eget varius","correct":false},{"content":"rdum et malesuada fames ac ante ipsum primis in fauc","correct":false},{"content":"imperdiet purus, id auctor metus. Integer aliquet erat vel ","correct":false}]', '2015-04-11 08:10:17', '2015-04-11 08:10:17', 3),
(15, 'am in vehicula dui. Mauris condimentum tincidunt odio. Vivamus ', '[{"content":"ligula aliquet, eget blandit","correct":false},{"content":"rbi aliquam finibus scelerisque. Ves","correct":false},{"content":" convallis. Duis ","correct":true},{"content":" Curabitur dolor diam, bibendum sit amet molestie at, males","correct":false}]', '2015-04-11 08:10:17', '2015-04-11 08:10:17', 1),
(16, 'onec ornare gravida urna et laoreet. Cras id eros arcu. Morbi erat libero, placerat suscip', '[{"content":"t eget, ultrices eu turpis. Etiam ut felis n","correct":true},{"content":"liquam ac lectus mi. Vestibulum orn","correct":false},{"content":"e tellus, non suscipit nisi augue in erat. Prae","correct":false},{"content":"libero sed nibh tincidunt sagittis sit amet eu nibh. Nullam sol","correct":false}]', '2015-04-11 08:10:17', '2015-04-11 08:10:17', 4),
(17, ' sed gravida lorem mollis in. Maecenas aliquet magna eu augue pharetra gravida. Vestibulum ante ipsum primis in faucibus orci luctus et ultrices posuere cubilia Curae; Aenean co', '[{"content":"itur elit, non v","correct":false},{"content":"reet vitae at urna. In hac habitasse platea dictumst. Etiam ut","correct":true},{"content":"m tempor nisl ac dolor blandit laoreet eget vitae tortor. Class ","correct":false},{"content":"justo enim, pellentesque ut ex quis, c","correct":false}]', '2015-04-11 08:10:17', '2015-04-11 08:10:17', 1),
(18, 'is hendrerit eget fermentum sapie', '[{"content":" per conubia nostra, per in","correct":false},{"content":". Cras vitae velit dolor. Donec ornare gravi","correct":false},{"content":"rit viverra commo","correct":false},{"content":" elit ac urna accumsan semper","correct":true}]', '2015-04-11 08:10:17', '2015-04-11 08:10:17', 4),
(19, 'enim. Donec metus enim, congue sed consectetur ac, congue vel mi. Donec a lorem tincidu', '[{"content":"um primis in faucibus orci luctus","correct":true},{"content":" Maecenas a sollicitudin risus. Vestibulum varius tellus nec ","correct":false},{"content":"tincidunt, sed volutpat odio venenatis. Phasellus condimentum ","correct":false},{"content":"ecenas pulvinar luct","correct":false}]', '2015-04-11 08:10:17', '2015-04-11 08:10:17', 1),
(20, 'um purus finibus pulvinar blandit. Duis sit amet pretium nulla. Proin semper bibendum dui, eu laoreet magna mattis a. Phasellus varius fringilla dolor, consect', '[{"content":"Praesent dapibus feugiat magna et interdum.","correct":false},{"content":" nunc viverra. Duis porta vel metus nec ","correct":false},{"content":"s fringilla dolor, c","correct":true},{"content":" volutpat facilisis at sit amet arc","correct":false}]', '2015-04-11 08:10:17', '2015-04-11 08:10:17', 4),
(21, 'mauris quis auctor eleifend. Phasellus porta nisi id pretium condimen', '[{"content":"et tortor. Quisque semper viverra posuere. Maecenas lobor","correct":false},{"content":"e. Nullam eu metus finibus, fringilla justo eu, luct","correct":true},{"content":"ut tellus sagittis ferment","correct":false},{"content":"nec tempor turpis vitae sagittis dignissim.","correct":false}]', '2015-04-11 08:10:17', '2015-04-11 08:10:17', 4),
(22, 'aliquet, eget ultrices felis egestas. Sed vehicula lectus ligula, non tincidunt risus cursus in. Nam cursus congu', '[{"content":"rcu justo sed tellus. Aliquam vehicula purus id sapien sollicitu","correct":false},{"content":"ectetur scelerisque. ","correct":false},{"content":"in felis. Aliquam erat volutpat. Donec molestie pellentesque tu","correct":false},{"content":"urna. Suspendiss","correct":true}]', '2015-04-11 08:10:17', '2015-04-11 08:10:17', 1),
(23, 'eu nisl blandit ultricies. Aenean interdum massa ut lacus finibus pulvinar. Aenean vitae fermentum risus. Integer auctor vel augue ut bibendum. Vestibulum ante ipsum pri', '[{"content":" volutpat luctus rhoncus, enim magna molestie nulla, sed o","correct":false},{"content":"ndit est. Morbi sit amet justo in odio da","correct":false},{"content":" molestie. Duis magna ante, blandit at f","correct":true},{"content":"t sem eget ultrices faucibus. In hac habita","correct":false}]', '2015-04-11 08:10:17', '2015-04-11 08:10:17', 3),
(24, 'la elementum, sit amet dictum massa luctus. Donec nec felis nec orci sollicitudin laoreet vitae at urna.', '[{"content":"n non, varius tel","correct":false},{"content":"c gravida dolor, ac porta velit. Nulla aliquam ni","correct":false},{"content":"citur massa semper quis. Do","correct":true},{"content":"i finibus in. Aenean euismod, elit in dapibus con","correct":false}]', '2015-04-11 08:10:17', '2015-04-11 08:10:17', 3),
(25, 'sent molestie pulvinar mi egestas posuere. Pellentesque scelerisque dui commodo gravida bibendum. In et sapien quam. Praesent convallis enim sed nibh sagittis viverra. Quisque nec feugiat nisl. Vestibulum augue j', '[{"content":" cursus commodo dui id facilisis. Pellentesqu","correct":false},{"content":"t et augue ligula. ","correct":true},{"content":"to fermentum ut. Aenean pretium maximus diam, in tempor augue v","correct":false},{"content":"m, eget dignissim odio ","correct":false}]', '2015-04-11 08:10:17', '2015-04-11 08:10:17', 1),
(26, '. Aenean ac est laoreet, eleifend est ut, scelerisque purus. Suspendisse ex tortor, vehicula nec tempus a, consequat a est. Duis a nisi ac sapien dapibus hendrerit', '[{"content":"ue nec leo. In hac","correct":false},{"content":"s at felis a nibh ultricies finibus ut non justo. ","correct":false},{"content":"us id. Integer non elementum elit. Nul","correct":true},{"content":"n, eu gravida erat pharetra. Cum sociis natoque penatibus et m","correct":false}]', '2015-04-11 08:10:17', '2015-04-11 08:10:17', 2),
(27, 'ulum magna. Donec feugiat volutpat dui, non vehicula magna ullamcorper ac. Fu', '[{"content":"ada varius. Etiam in vehicula dui. Mauris condimentum t","correct":false},{"content":" Praesent aliquet dictum luctus. Fusc","correct":false},{"content":"ulla faucibus lacinia neque et ph","correct":true},{"content":"Nunc tincidunt diam ","correct":false}]', '2015-04-11 08:10:17', '2015-04-11 08:10:17', 1),
(28, ' ultrices. Maecenas commodo porta lorem, et faucibus sem dictum a. Pellentesque pharetra massa ut mauris malesua', '[{"content":"lacerat. Donec in ","correct":false},{"content":"s. Vestibulum eleifend nunc erat. ","correct":true},{"content":"s et magnis dis parturient montes, nascet","correct":false},{"content":"dui commodo gravida bibendum. In et sapien qu","correct":false}]', '2015-04-11 08:10:17', '2015-04-11 08:10:17', 1),
(29, ', sed interdum odio mattis vel. Pellentesque nec metus in sem pellent', '[{"content":"dolor. Donec vel quam leo. Quisque ac bibendum erat, at","correct":true},{"content":"rit eget fermentum sapien. Morbi ornare ac risus in ultricies. F","correct":false},{"content":"suere rhoncus diam. Sed ","correct":false},{"content":"mst. Nulla vestibulum sapien a tincidunt egesta","correct":false}]', '2015-04-11 08:10:17', '2015-04-11 08:10:17', 3),
(30, 'ec vel tristique est, eget sollicitudin magna. Lorem ipsum dolor sit amet, consectetur adipiscing elit. Nulla in ligula vestibulum, lobortis magna id, tincidunt i', '[{"content":"onec ultricies urna libero. Curabitur v","correct":false},{"content":"aesent porttitor felis at urna viverra po","correct":false},{"content":"s. Cras ut moll","correct":true},{"content":" malesuada et. Vivamus li","correct":false}]', '2015-04-11 08:10:17', '2015-04-11 08:10:17', 4),
(31, 'nec dapibus sed purus non sagittis. Vivamus iaculis est id purus ornare, eu tincidunt nunc viverra. Duis porta vel metus nec vehicula. Nullam vehicula eros arcu, in gravida nibh ', '[{"content":"vel tellus ac, ves","correct":false},{"content":"n elit eu lorem gravida dictum. Pe","correct":true},{"content":"n ornare. Phasellus mi ligula, suscipit dapib","correct":false},{"content":"llus nec semper fringilla. Phasel","correct":false}]', '2015-04-11 08:10:17', '2015-04-11 08:10:17', 2),
(32, ' aliquam augue. Curabitur porta ultrices sodales. Duis vulputate lacus ut sapien hendrerit cursus. Nunc eleifend ipsum ve', '[{"content":"elit sollicitudin, ut feugiat augue pretium","correct":false},{"content":" nec quam. Praesent ullamcorper metus non est ferm","correct":false},{"content":"ien faucibus in. Vivamus blandit id lorem","correct":false},{"content":"end vestibulum velit sit amet lobortis. Vestibulum ut","correct":true}]', '2015-04-11 08:10:17', '2015-04-11 08:10:17', 1),
(33, 'nceptos himenaeos. Sed tempus dapibus neque', '[{"content":", eget ultrices felis egestas. Sed vehicula le","correct":false},{"content":"ligula finibus, et cursus orci convallis. Ut quis ullamcorper","correct":false},{"content":"ue, sed malesuada ante. Suspe","correct":false},{"content":"ntum sit amet nisl eget porttitor. Praesent vehicula sapien ","correct":true}]', '2015-04-11 08:10:17', '2015-04-11 08:10:17', 4),
(34, 'ismod dui aliquam a. Vestibulu', '[{"content":"e habitant morbi tristique senectus et netus et malesuada ","correct":false},{"content":"orttitor pellentesque scelerisque. Pell","correct":true},{"content":" dapibus euismod. F","correct":false},{"content":", felis odio venenatis o","correct":false}]', '2015-04-11 08:10:17', '2015-04-11 08:10:17', 3),
(35, 'cus, non tincidunt velit lobortis ut. Mauris hendrerit odio ut dui sceleris', '[{"content":"e fringilla diam, qu","correct":false},{"content":"volutpat justo dapibus sed. Prae","correct":false},{"content":"ectetur luctus id at arcu. Quisque commodo lacu","correct":true},{"content":"ate ut velit eget, finibus tincidunt neque.","correct":false}]', '2015-04-11 08:10:17', '2015-04-11 08:10:17', 2),
(36, ' velit condimentum. Quisque varius mollis faucibus. Pellentesque ut lobortis nulla. Vivamus ut augue vitae risus volutpat facilisis', '[{"content":"placerat ultricies odio. Nu","correct":false},{"content":"tellus, pellentesque nec libero non, viverr","correct":false},{"content":"ue, blandit pelle","correct":false},{"content":"t tortor tincidunt egestas elementum ut tortor. Cras vulputate","correct":true}]', '2015-04-11 08:10:17', '2015-04-11 08:10:17', 3),
(37, ' non suscipit purus tincidunt. Nulla lorem neque, tristique ut maximus in, placerat sed arcu. Aenean ut fermentum ante. Mauris sagittis nibh quis tincidunt ', '[{"content":"ntum nibh, eget porttitor nunc varius eget. Phase","correct":false},{"content":"e hendrerit tortor vel dolor rhoncus ","correct":false},{"content":"ada lobortis. Praesent molestie pulvinar mi egest","correct":true},{"content":"libero. In purus ","correct":false}]', '2015-04-11 08:10:17', '2015-04-11 08:10:17', 3),
(38, 'id mauris non, vehicula malesuad', '[{"content":"quam dapibus, et iacu","correct":false},{"content":"haretra suscipit vulputate. Nullam eu m","correct":false},{"content":" ex in eros laoreet lacinia. Sed consequat sit amet neque","correct":true},{"content":"d fermentum nisl, nec ultricies ante. Aenean ut lorem velit. Vi","correct":false}]', '2015-04-11 08:10:17', '2015-04-11 08:10:17', 1),
(39, 'massa a tincidunt. Suspendisse potenti. Mauris viverra diam elementum sem posuere vulputate. Aenean ac est laoreet, eleifend est ut, scelerisque purus. Sus', '[{"content":" lacus, nec mattis n","correct":false},{"content":"ices luctus iaculis. Cras convallis, ","correct":false},{"content":"ula at, commodo maximus lectus. Fusce ","correct":true},{"content":"ien laoreet placerat sed ac elit.","correct":false}]', '2015-04-11 08:10:17', '2015-04-11 08:10:17', 2),
(40, 'ada facilisis. Praesent ultrices leo sed metus sagittis, eu varius', '[{"content":"is parturient montes, nascetur ridiculus mus. Sed tur","correct":false},{"content":"inar efficitur elit, non vehicula est ornare qu","correct":true},{"content":". Nulla feugiat id nibh eu rutrum. Pell","correct":false},{"content":"it ipsum vitae fring","correct":false}]', '2015-04-11 08:10:17', '2015-04-11 08:10:17', 3),
(41, 'asse platea dictumst. Etiam ut massa sed est efficitur vestibulum. Sed et varius erat. Donec non velit odio. Fusce est felis, ornare vitae feugiat in, porttitor', '[{"content":"sque odio, convallis dapibus quam erat et dia","correct":true},{"content":"volutpat. Mauris in orci et dui c","correct":false},{"content":"et diam dolor. Mauris felis libero,","correct":false},{"content":" consequat lectu","correct":false}]', '2015-04-11 08:10:17', '2015-04-11 08:10:17', 2),
(42, ' turpis egestas. Nulla vulputate, justo ut rhoncus pulvinar, quam metus laoreet diam, et iaculis est neque nec leo. In hac habitasse platea dictumst. Curabi', '[{"content":"ondimentum et. Praesent vitae ","correct":false},{"content":"u lorem in, volutpat venenatis neque. Fusce sagi","correct":true},{"content":"s eros nibh ac velit. Donec molestie ","correct":false},{"content":", tempus nec risus vel, mattis commodo purus. Vivamus portt","correct":false}]', '2015-04-11 08:10:17', '2015-04-11 08:10:17', 2),
(43, 's diam cursus quis. Fusce condimentum ante no', '[{"content":"elit maximus faucibus. Fusce porta id arcu at hend","correct":false},{"content":"auctor nulla congue, varius sem. Aenean ut","correct":true},{"content":" lacinia justo, venenatis gravida q","correct":false},{"content":"c. Praesent erat eros, vehicula nec ullamcorper q","correct":false}]', '2015-04-11 08:10:17', '2015-04-11 08:10:17', 4),
(44, ' turpis non lacus. Cras et mi blandit, laoreet lacus ut, tempor eros', '[{"content":"an quis libero eget, pretium condimentum lectus.","correct":false},{"content":"a. Etiam lacinia interdum mi vel volutpat. D","correct":false},{"content":"uismod tincidunt, enim felis ultrices dolor, non feug","correct":false},{"content":"lus semper vel. Fusce dui risus, vulput","correct":true}]', '2015-04-11 08:10:17', '2015-04-11 08:10:17', 3),
(45, 'm sollicitudin viverra. Nulla eg', '[{"content":"i, ac pretium diam ante a dolor. Donec vel ","correct":false},{"content":"sequat sollicitudin. Donec eget placerat purus.","correct":true},{"content":"gittis in, malesuada hendrerit mauris. Morbi eu ","correct":false},{"content":"nc et metus facilisis molestie. Sed porta sodales consecte","correct":false}]', '2015-04-11 08:10:17', '2015-04-11 08:10:17', 4),
(46, ' lacinia. Vivamus volutpat, nibh vel suscipit volutpat, risus turpis tristique erat, at consequat neque orci sollicitudin ris', '[{"content":"Cras blandit nisi justo, vel pharetra urna pulvinar eu. Done","correct":false},{"content":"nare ac risus in ultricies. Fusce pellentesque at ligul","correct":false},{"content":"at dictum justo. Praesent ornare quam ut consequat pelle","correct":true},{"content":"sum primis in faucibus orci luct","correct":false}]', '2015-04-11 08:10:17', '2015-04-11 08:10:17', 2),
(47, 'fermentum orci, ac pretium diam ante a dolor. Donec vel quam leo. Quisque ac bibendum erat, at tempor quam. Phasellus varius', '[{"content":"am nec felis interdum, nec consectetur l","correct":false},{"content":"ellus. In dapibus varius dui, eu pharetra est. Aenean justo leo","correct":false},{"content":"lestie pulvinar mi egestas posuere. Pellentesque scelerisq","correct":false},{"content":"s ut felis. Quis","correct":true}]', '2015-04-11 08:10:17', '2015-04-11 08:10:17', 2),
(48, 'endisse potenti. Nam ut metus eu turpis lacinia scelerisque non nec dui. Nam scelerisque eget enim ac pretium. Praesent nec massa ut tortor porta malesuada ut non erat. Vivamus facil', '[{"content":"porta mi ante, sit amet eleifend tortor pharetra ","correct":true},{"content":"nt montes, nascetur ridiculus mus. Phasel","correct":false},{"content":"nterdum massa ut lacus finibu","correct":false},{"content":"aecenas a condi","correct":false}]', '2015-04-11 08:10:17', '2015-04-11 08:10:17', 3),
(49, 'as mattis nec lectus eu ultr', '[{"content":"nec. Duis gravida pretium lorem, ut ","correct":true},{"content":"ut. Aliquam erat volutpat. Ut at est at lacus pulv","correct":false},{"content":"ulla nec egestas mauris. Vestibulum a mollis lacus, et aliquam ","correct":false},{"content":"ue enim, gravida sit am","correct":false}]', '2015-04-11 08:10:17', '2015-04-11 08:10:17', 2),
(50, 't justo condimentum volutpa', '[{"content":"bi lobortis turpis vel ex vestibulum volutpat.","correct":false},{"content":" lorem. Phasellus feugiat ipsum","correct":true},{"content":"ctor. Aenean ligula mau","correct":false},{"content":"obortis ante. Phasellus pretium, neque eget maximus orn","correct":false}]', '2015-04-11 08:10:17', '2015-04-11 08:10:17', 3),
(51, ' diam lectus, vehicula ac vehicula ut, viverra a erat. Nunc at sem libero. Curabitur aliquet id orci id consectetur. Cras lorem leo, dapibus at arcu a, gravida convallis justo. Suspendisse potenti. Donec vel nisl', '[{"content":"facilisis. Maecenas ac magna vulputate lorem s","correct":false},{"content":"us neque et, iaculis metus","correct":false},{"content":"bus a sit amet velit. Sed laoreet magna ","correct":true},{"content":"el posuere ipsum posuere v","correct":false}]', '2015-04-11 08:10:17', '2015-04-11 08:10:17', 3),
(52, ' euismod at orci gravida, molestie posuere metus. Suspendisse convallis ipsum id libero luctus molestie. Duis magna ante, bl', '[{"content":"e odio aliquet ipsum i","correct":false},{"content":"acus id nunc aliquet laoreet. Cras vitae velit do","correct":true},{"content":"scelerisque, eget euismod felis sagittis. Sed tincidunt, ","correct":false},{"content":" torquent per conubia nostra, per inceptos ","correct":false}]', '2015-04-11 08:10:17', '2015-04-11 08:10:17', 1),
(53, 'quent per conubia nostra, per inceptos himenaeos. Pellentesque nec pulvinar augue. Vestibulum', '[{"content":"per. Quisque molestie augue vitae est porttitor, in ","correct":false},{"content":"a id, tincidunt ipsum. Nullam faucibus lobortis enim, a sus","correct":false},{"content":"ibus et magnis dis parturient montes, nascetur ridiculus ","correct":true},{"content":"us consequat, lectus","correct":false}]', '2015-04-11 08:10:17', '2015-04-11 08:10:17', 1),
(54, 'am a vulputate risus. Quisque dictum mauris quis auctor eleifend. Phasellus porta nisi id pretium condimentum. Nulla facilisi. Phasellus luctus odio nec consequat accumsan. Proin ac gravida dolor, ac porta vel', '[{"content":" eget pharetra nulla. Integer faucibu","correct":false},{"content":"it in malesuada iaculis. Etiam non vestibulum diam. ","correct":true},{"content":"pharetra elementum. Nullam ac erat mauris. M","correct":false},{"content":"ristique senectus et ","correct":false}]', '2015-04-11 08:10:17', '2015-04-11 08:10:17', 1),
(55, '. In hac habitasse platea dictumst. Aenean cursus sem eu dui euismod tristique. Proin dictum feugiat sem ut ', '[{"content":" neque volutpat risus, sit amet eff","correct":false},{"content":"nunc. Suspendisse potenti. Maecenas eget tincidunt ex. Donec","correct":false},{"content":"i commodo ornare. Vestibulum sem magna, venen","correct":false},{"content":"i sociosqu ad litora torquent per conubia nostra, pe","correct":true}]', '2015-04-11 08:10:17', '2015-04-11 08:10:17', 3),
(56, 't suscipit leo ac, viverra con', '[{"content":"que ultrices, justo ac pellen","correct":false},{"content":"suscipit tincidunt. Maecenas tempus matti","correct":false},{"content":"m ac lectus mi. Vestibulum ornare posuere lorem. Don","correct":false},{"content":"posuere magna. Aenean a turpis ac libe","correct":true}]', '2015-04-11 08:10:17', '2015-04-11 08:10:17', 3),
(57, ', mi dolor dignissim elit, et sagittis enim erat sed turpis. Integer quis viverra velit. Curabitur sit amet ex in eros laoreet lacinia. Sed consequat sit ', '[{"content":"mper non ullamcorper at, egestas in ipsum. Lorem ipsum dolor s","correct":false},{"content":"ulputate lacus ut sapien hendrerit cursu","correct":false},{"content":"msan. Morbi lobortis turpis vel ex ves","correct":true},{"content":"latea dictumst. Integ","correct":false}]', '2015-04-11 08:10:17', '2015-04-11 08:10:17', 2),
(58, 'gittis, porta elit in, mollis velit. Donec iaculis mollis dui, id vehicula est lacinia ac. Cras semper suscipit tincidunt. Praesent ex velit, ullamcorper quis pulvinar venenatis, ultricies vitae quam. Curabitur ', '[{"content":"sapien. Sed metus felis","correct":false},{"content":"tor rutrum, sed scelerisque ve","correct":true},{"content":"is tempor. Sed congue ipsum augue, at eleifend ","correct":false},{"content":"lum ante ipsum primis in faucibus orci luctus e","correct":false}]', '2015-04-11 08:10:17', '2015-04-11 08:10:17', 2),
(59, ' magnis dis parturient montes, nascetur ridiculus mus. Etiam vestibulum pretium ligula, ac tincidunt ', '[{"content":"a dictumst. Nam","correct":false},{"content":" tellus sagittis sodales. ","correct":true},{"content":" tincidunt eros. Vivamus eget libero sed nibh tinc","correct":false},{"content":"onvallis volutpat ex, id vehicu","correct":false}]', '2015-04-11 08:10:17', '2015-04-11 08:10:17', 3),
(60, 'himenaeos. Pellentesque varius luctus augue. Donec egestas eros dui, non varius ante luctus ac. Vivamus quis dui eu ex lobortis pharetra sit amet et ', '[{"content":"en, at egestas libero molestie nec. Inte","correct":true},{"content":"o, id facilisis quam lacus in justo. Vestibulum tur","correct":false},{"content":"da diam euismod a. Integ","correct":false},{"content":"pis egestas. Vestibulum tortor enim, volutp","correct":false}]', '2015-04-11 08:10:17', '2015-04-11 08:10:17', 2),
(61, ' semper suscipit tincidunt. ', '[{"content":"am mauris, et element","correct":false},{"content":"us dapibus neque at hendrerit. Suspendis","correct":false},{"content":"atis fringilla. Nulla","correct":true},{"content":"disse potenti. Maec","correct":false}]', '2015-04-11 08:10:17', '2015-04-11 08:10:17', 1),
(62, 'inar. Cras arcu tellus, sollicitudin quis p', '[{"content":"s, ultrices risus nec, rhoncus ligula. Praesent convallis orc","correct":false},{"content":"urus facilisis hendrerit. Vestibulum vitae ipsum odio. Nullam","correct":false},{"content":"r sit amet, consectetur adipiscing elit. ","correct":false},{"content":"illa fringilla, orci nibh fermentum erat, non consequat nisl nun","correct":true}]', '2015-04-11 08:10:17', '2015-04-11 08:10:17', 4),
(63, 'd lobortis id, molestie vitae mi. In scelerisque lacus id urna aliquet condimentum. Donec molestie odio non arcu tincidunt finibus. Cras sed', '[{"content":" gravida. Donec ","correct":false},{"content":" hendrerit sit amet. Vestibulum feugiat vestibul","correct":false},{"content":"leo ut sodales eleifen","correct":true},{"content":"facilisis vel ipsum. Sed egestas nisi purus","correct":false}]', '2015-04-11 08:10:17', '2015-04-11 08:10:17', 4),
(64, '. Vestibulum placerat dictum lorem, nec vulputate nisi mollis non. Morbi nisl dui, luctus at suscipit nec, tempus in felis. Aliquam', '[{"content":"imperdiet dui in sem iaculis, non tincidunt od","correct":true},{"content":"e metus. Ut arcu arcu, venenatis ege","correct":false},{"content":"dolor libero. Curabitur gravid","correct":false},{"content":"non leo sed lorem gravida tempus at in sem. Curabitur et vehi","correct":false}]', '2015-04-11 08:10:17', '2015-04-11 08:10:17', 3),
(65, ' non consequat nisl nunc eu dui. In ante enim, tempus nec', '[{"content":"s tincidunt. Sed rutrum ipsum ac lacus ornare, u","correct":false},{"content":"ra nulla. Integer faucibus non metus sed c","correct":true},{"content":"finibus arcu. Quisque tincidunt eu urna vel su","correct":false},{"content":"gue tellus, sed commodo mauris ","correct":false}]', '2015-04-11 08:10:17', '2015-04-11 08:10:17', 3),
(66, 's posuere. Pellentesque scelerisque dui commodo gravida bibendum. In et sapien quam. Praesent convallis enim sed nibh sagittis viverra. Quisque nec feugiat nisl. Vestibulum augue justo, placerat nec ', '[{"content":"per inceptos himenaeos. Mae","correct":true},{"content":"tra, per inceptos himenaeos. Maecenas vel ipsum eget velit ma","correct":false},{"content":"spendisse magna ligula, pharetra variu","correct":false},{"content":"rpis egestas. Phasellus magna felis, maximus non consequat i","correct":false}]', '2015-04-11 08:10:17', '2015-04-11 08:10:17', 4),
(67, 'Aenean venenatis nunc sed ligula blandit sagittis. Integer venenatis dolor a ipsum finibus placerat. Donec in lectus et ante soll', '[{"content":"an ut eros bibendum, vulputate augue eu, faucib","correct":false},{"content":"ibus orci luctus et ultrices posuere cubilia C","correct":false},{"content":"m ac euismod ante. Morb","correct":false},{"content":"itant morbi tristique senectus et netus et malesuada fames ac ","correct":true}]', '2015-04-11 08:10:17', '2015-04-11 08:10:17', 3),
(68, 'orttitor vitae sagittis in, malesuada hendrerit mauris. Morbi eu faucibus libero. Quisque in urna eu v', '[{"content":"enim, a suscipit arcu egestas eu. Ut tincidunt a","correct":false},{"content":"fend dictum ante quis, imperdie","correct":false},{"content":"us. Cras eget pharetra nulla. Integer fa","correct":true},{"content":"lla diam, quis tincidunt dolor pulvinar vitae. Nunc","correct":false}]', '2015-04-11 08:10:17', '2015-04-11 08:10:17', 1),
(69, 'ec sem vel velit consequat venenatis. Aenean sagittis ante in sem cursus placerat. Proin viverra scelerisque ', '[{"content":"m. Vestibulum suscipit ultricies nibh at luctus. Pellentesqu","correct":true},{"content":"n at nunc id ligula sagittis hendrerit eget fermentu","correct":false},{"content":". Nunc et diam eu libero pulvinar mattis. Ut et ","correct":false},{"content":"cus lacinia pulvinar. Q","correct":false}]', '2015-04-11 08:10:17', '2015-04-11 08:10:17', 3),
(70, 'din orci, vitae convallis augue est ac est. Donec eget ligula magna. Etiam in tempor dui. Nullam id lorem odio. Praesent dapibus b', '[{"content":"u ornare. Nullam sed magna se","correct":false},{"content":" quam, et tincidunt lacus lobortis quis. Nulla ac ","correct":false},{"content":"spendisse potenti. Ut eget ultrices ipsum. I","correct":false},{"content":"is non. Morbi nisl dui, luctus at suscipit nec, tempus in f","correct":true}]', '2015-04-11 08:10:17', '2015-04-11 08:10:17', 4),
(71, 'idunt. Sed rutrum ipsum ac lacus ornare, ut porta mass', '[{"content":" lectus massa. Nulla urna risus, faucibus in ullamcorper e","correct":true},{"content":"nte magna, hendr","correct":false},{"content":"um eu consectetur posuere. Mauris posuere congue ipsum in ","correct":false},{"content":"et maximus ornare, velit libero ultricies dolo","correct":false}]', '2015-04-11 08:10:17', '2015-04-11 08:10:17', 4),
(72, 'potenti. Mauris viverra diam elementum sem posuere v', '[{"content":"uat in imperdiet tellus. Maecenas eleife","correct":false},{"content":"ut ante eget magna maximus aliquet. Proin dapibus neq","correct":false},{"content":"tis vel metus a, luctus congue nisl. Cras finibus ar","correct":false},{"content":", fermentum erat at, o","correct":true}]', '2015-04-11 08:10:17', '2015-04-11 08:10:17', 3),
(73, 'uis imperdiet arcu justo sed tellus. Aliquam vehicula purus id sapien sollicitudin, m', '[{"content":"cus a dolor pellentesque faucibus. Maecen","correct":false},{"content":" massa non, sus","correct":false},{"content":"ltrices in, vulputate ","correct":false},{"content":". Mauris volutpat turpis ut erat fringilla, eget s","correct":true}]', '2015-04-11 08:10:17', '2015-04-11 08:10:17', 3),
(74, 'et volutpat augue, sit amet condimentum nulla laoreet eu. Etiam quis sollicitudin massa, at cursus dolor. Sed convallis suscipit libero', '[{"content":"nec vehicula. Nullam vehicul","correct":false},{"content":"t sollicitudin, ex libero fermentum orci, ac pretium diam an","correct":true},{"content":"ium varius et sed leo. Curabitur ul","correct":false},{"content":"sent ac ante nulla. In hac habita","correct":false}]', '2015-04-11 08:10:17', '2015-04-11 08:10:17', 3),
(75, 'facilisis. Vivamus sed vulputate dolor. Nam egestas dui tellus, tempor eleifend erat volutpat vitae. Nam condimentum vehicula nisi, sed aliquet urna ullamcorper cursus. Aenean eu felis et odio imperdiet porttitor. ', '[{"content":"suere tempus erat vel facilisis. Mor","correct":true},{"content":"fringilla dolor. Proin eget facilisis erat. ","correct":false},{"content":" nisl ut hendrerit. Phasellus finibus rutrum dui ac convallis. ","correct":false},{"content":"mmodo. Donec ut elit ac urna accumsan semper. Nulla facilisi. F","correct":false}]', '2015-04-11 08:10:17', '2015-04-11 08:10:17', 3),
(76, ' sed, pulvinar id velit. Aenean felis libero, vestibulum et arcu at, ultrices tempus elit. Aliquam erat volutpat. Praesent porttitor ', '[{"content":"ac pulvinar scelerisque, euismod nec purus. Se","correct":false},{"content":"licitudin. Maecenas pulvinar luctus purus, tincidunt lobortis li","correct":false},{"content":"ucibus. Nam non nisl et ipsum cursus venenatis. Sed arcu ne","correct":true},{"content":" nisi. Sed vehicula","correct":false}]', '2015-04-11 08:10:17', '2015-04-11 08:10:17', 4),
(77, 'ue. Etiam pharetra purus non ante lacinia, in egestas eros consequat. Mauris efficitur leo vitae lorem accumsan finibus. Aenean vitae faucibus nibh. Proin purus ipsum, volutpat laoreet placerat sit amet, porttit', '[{"content":" Phasellus dignissim ","correct":true},{"content":"rtor quis, placerat nisl. Suspendisse erat quam, accumsan","correct":false},{"content":"fficitur risus. Morbi ornare diam a tortor bibe","correct":false},{"content":"icitur orci lacinia. Suspendisse magna tel","correct":false}]', '2015-04-11 08:10:17', '2015-04-11 08:10:17', 2),
(78, ', facilisis eu fermentum vitae, solli', '[{"content":" dictum mauris quis auctor el","correct":false},{"content":"uis dictum orci augue vel nisi. Ut sit amet enim","correct":false},{"content":" Cras eget erat lorem. Etia","correct":false},{"content":"risus cursus volut","correct":true}]', '2015-04-11 08:10:17', '2015-04-11 08:10:17', 1),
(79, 'raesent dapibus bibendum ex, eget faucibus sem gravida a. Nulla interdum cursus consequat. Phasellus luctus nisl a sagittis condimentum. Pellentesque habitant morbi tristique senectus et ', '[{"content":"la imperdiet luctus justo, quis feugiat sem ullamco","correct":false},{"content":"unc. Mauris malesuada egestas ultricies. Vivamus non la","correct":false},{"content":" nisi eu tellus. ","correct":true},{"content":"lesuada fames ac turpis egestas. Cum","correct":false}]', '2015-04-11 08:10:17', '2015-04-11 08:10:17', 4),
(80, '. Sed maximus eleifend dictum. In pulvin', '[{"content":"lam nibh sem, porta eget quam efficitur, ","correct":true},{"content":"erdum vel. Nam posuere quis sem ac lobortis. Morbi a au","correct":false},{"content":"ndrerit volutpat turpis","correct":false},{"content":"t sapien eget ex sollicitudi","correct":false}]', '2015-04-11 08:10:17', '2015-04-11 08:10:17', 1),
(81, 'uspendisse elit arcu, maximus in tellus sit amet, mattis blandit purus. Quisque fringilla mollis est, a vestibulum nisl efficitur in', '[{"content":"tis massa bibendum. Quisque a est quis j","correct":false},{"content":"tudin maximus. Class aptent taciti sociosqu ad litor","correct":false},{"content":"scipit sapien faucibus in. Viva","correct":true},{"content":"a dictumst. Aenean cur","correct":false}]', '2015-04-11 08:10:17', '2015-04-11 08:10:17', 3),
(82, 'lus ut auctor. Maecenas vitae erat a nunc tempor cons', '[{"content":"utate nisi mollis non. Morbi nisl du","correct":false},{"content":"ibus egestas. Fusce porta lorem ","correct":false},{"content":"est erat, fermentum i","correct":false},{"content":"tas. Vivamus maximus dapibus diam at ph","correct":true}]', '2015-04-11 08:10:17', '2015-04-11 08:10:17', 2),
(83, 'ulum convallis lacinia lectus sed ornare. Phasellus eu nisl a sapien hendrerit pellentesque. Nullam ipsum tellus, pellentesque nec libero non, viverra feugiat lectus. Pellentesque t', '[{"content":" scelerisque libero. Suspendisse potenti. Ut eg","correct":true},{"content":" luctus sodales. In aliquet eget","correct":false},{"content":"tus commodo, suscipit tortor eu, vulp","correct":false},{"content":"t amet, mattis blandit purus. Quisque fringilla mo","correct":false}]', '2015-04-11 08:10:17', '2015-04-11 08:10:17', 3),
(84, 'nec ultrices orci commodo a. Donec nec luctus erat. Etiam et semper urna, eget euismod quam. Sed vel tincidunt ligula', '[{"content":"ortis non, lobortis at est. Donec non facilisis magna. Maece","correct":false},{"content":"sem vel velit consequ","correct":false},{"content":"idunt, in pharetra enim interdum. Mauris ut ","correct":false},{"content":"gnissim risus risus, ut varius neque finibus ut. Vestibulum","correct":true}]', '2015-04-11 08:10:17', '2015-04-11 08:10:17', 4),
(85, 'entum ut ac augue. Sed luctus maximus urna, at fermentum ante sollicitudin a. In sollicitudin augue mattis quam hendrerit ornare. Nam sodales, sap', '[{"content":"llentesque cursus. Etiam orci or","correct":true},{"content":"c eget erat. Praesent suscipit dapib","correct":false},{"content":"ttis commodo purus. Vivam","correct":false},{"content":"s, gravida eu lorem in, volutpat venenatis neque. Fusce sag","correct":false}]', '2015-04-11 08:10:17', '2015-04-11 08:10:17', 4),
(86, 'unc. Suspendisse potenti. Maecenas eget tincidunt ex. Donec porta et ante eu s', '[{"content":"orci gravida, molestie posuere m","correct":false},{"content":"lis commodo euismod quis a urna. Quisque et r","correct":true},{"content":"osuere nunc sodales mi cursus pulvinar. Donec e","correct":false},{"content":"utpat turpis vel finibus. Pellentesque conseq","correct":false}]', '2015-04-11 08:10:17', '2015-04-11 08:10:17', 4),
(87, 'la nec sagittis est. Praesent sit amet nibh quam. Duis sed ultrices sapien, ac congue orci. Ma', '[{"content":"et ipsum vitae l","correct":false},{"content":"s ultrices. Quisque eu ve","correct":false},{"content":"et ultrices posuere cubilia Curae; Praesent a ","correct":true},{"content":"tae risus volutpat facilisis at sit amet arcu.","correct":false}]', '2015-04-11 08:10:17', '2015-04-11 08:10:17', 3),
(88, 'm a mollis lacus, et aliquam nibh. Suspendisse id mauris eff', '[{"content":"cula, enim volutpat luctus rhoncu","correct":false},{"content":" nisi ac sapien dapibus hendrerit","correct":true},{"content":"h vel, dictum pharetra ligula. Pel","correct":false},{"content":"icies risus. Nulla lacinia tristique e","correct":false}]', '2015-04-11 08:10:17', '2015-04-11 08:10:17', 3),
(89, 'nteger molestie nunc vel felis pulvinar tempor. Duis sodales volutpat est quis elementum. Morbi quis cursus velit. Pellentesque ut risus turpis. Vivamus aliquam congue pellentesque. V', '[{"content":"unc ligula vestibulum tor","correct":false},{"content":"icitur, sapien ex elementum lor","correct":false},{"content":"m massa a tincidunt. S","correct":true},{"content":"aliquet consectetur odio ut pulvinar. Phasellus quis f","correct":false}]', '2015-04-11 08:10:17', '2015-04-11 08:10:17', 1),
(90, 'us a, egestas non nulla. Praesent congue nibh in venenatis lobortis. Nam lobortis nibh ac enim dapi', '[{"content":"tudin. Class aptent taciti sociosqu ad litora t","correct":false},{"content":"s tincidunt dolor p","correct":false},{"content":"rtor. Vestibulum quis elementum leo. Maecenas scele","correct":true},{"content":"enim, at bibendum arcu leo nec ante. Sed urna an","correct":false}]', '2015-04-11 08:10:17', '2015-04-11 08:10:17', 2),
(91, 'nulla, suscipit ut euismod in, sodales sed sem. Praesent facilisi', '[{"content":"quet. Vivamus at mi gravida, pu","correct":false},{"content":"iverra at ornare ut, egestas eu nisl. In ","correct":false},{"content":"onsequat, lectus ullamcorper facilisis ultricies, magna l","correct":false},{"content":"amus et luctus lacus. Nulla vehicula vehicul","correct":true}]', '2015-04-11 08:10:17', '2015-04-11 08:10:17', 4),
(92, 'is iaculis leo. Nullam condimentum vel diam quis aliquam. Quisque vitae molestie quam. Maecenas risus lectus, dignissim non placerat vitae, elementum', '[{"content":" fringilla dolor. ","correct":false},{"content":"Aliquam erat volutpat. Donec molesti","correct":false},{"content":"ittis fringilla. Pellentesque finibus co","correct":true},{"content":"lectus rutrum enim tristi","correct":false}]', '2015-04-11 08:10:17', '2015-04-11 08:10:17', 2),
(93, 'suada. Quisque tempor interdum dignissim. In hac habitasse platea dictumst. Donec ut euismod massa. Suspendisse eu tempor est. Mauris volutpat feugiat velit, varius lobortis lacus sagittis et. Aliquam sol', '[{"content":"mentum in. Nunc tincidunt diam u","correct":false},{"content":" quis. In sapien diam, volutpat a diam eu, bibendum ","correct":true},{"content":"i quis dui fermentum ultrices. Qu","correct":false},{"content":"din sit amet tortor","correct":false}]', '2015-04-11 08:10:17', '2015-04-11 08:10:17', 3),
(94, 'tibulum, lobortis magna id, tincidunt ipsum. Nullam faucibus lobortis enim, a suscipit arcu egestas eu. Ut tincidunt a purus a feugiat. Ut enim purus,', '[{"content":"t. Donec iaculis mollis dui, id","correct":false},{"content":"neque lorem. Donec a luctus","correct":false},{"content":" interdum justo. Mauris eu dolor libero. Curabit","correct":true},{"content":"ci. Aliquam euismod mi ut semper co","correct":false}]', '2015-04-11 08:10:17', '2015-04-11 08:10:17', 4),
(95, 'lesuada fames ac ante ipsum primis i', '[{"content":"en vitae facilisis. In ac odio nec libero varius ","correct":false},{"content":". In hac habitasse platea dictumst. Nullam blandi","correct":false},{"content":"tus neque, id consectetur odio faucibus ","correct":true},{"content":" porta sed. Duis enim nisl, b","correct":false}]', '2015-04-11 08:10:17', '2015-04-11 08:10:17', 2),
(96, 'ollicitudin mollis. Suspendisse potenti. Nam ut metus eu turpis lacinia scelerisque non nec dui. Nam scelerisque eget enim ac pretium. Praesent nec massa ut tortor porta male', '[{"content":"llis nisi a lacus accumsan, eu gravida erat pharetra. Cum s","correct":false},{"content":" pellentesque metus eget, ","correct":true},{"content":"tas velit. Nullam vestibulum libero ut justo accumsan ornare","correct":false},{"content":"ligula. Morbi quis ","correct":false}]', '2015-04-11 08:10:17', '2015-04-11 08:10:17', 3),
(97, ' lorem, venenatis eleifend sem ', '[{"content":" nulla in interdum. Proin suscipit ex a augue m","correct":false},{"content":"mmodo vestibulum.","correct":false},{"content":"s orci luctus et ul","correct":true},{"content":"gula mauris ut ante. Donec i","correct":false}]', '2015-04-11 08:10:17', '2015-04-11 08:10:17', 3),
(98, 'e vitae feugiat in, porttitor eget leo. Aliquam viverra cursus sapien, vitae tempus ante dignissim ac. Aliquam ', '[{"content":"culis lorem. Quisque et augue hendrerit, malesuada libero ","correct":false},{"content":"u justo at elit tempor fringil","correct":false},{"content":"ar eu. Donec eget mollis ex. Etiam nec ante cu","correct":true},{"content":"istique, arcu maximus dictum semper, quam mi laoreet le","correct":false}]', '2015-04-11 08:10:17', '2015-04-11 08:10:17', 3),
(99, 'ortor ut lorem consequat cursus. Nunc tincidunt ex malesuada quam aliquet viverra. Integer non ligula non augue rutrum scelerisque. Nullam sed ma', '[{"content":"onec interdum porttitor nibh non vehicula.","correct":false},{"content":"te eu semper. Nam a purus rutrum, mattis od","correct":false},{"content":"um. Nulla nec egestas mauris. Vestibulum a ","correct":false},{"content":"Nam tortor augue, mattis nec laoreet ut, convalli","correct":true}]', '2015-04-11 08:10:17', '2015-04-11 08:10:17', 3),
(100, 'lus a ipsum non purus dictum consequat tristique id eros. Suspendisse interdum nunc', '[{"content":"andit lobortis. Pr","correct":true},{"content":"suada ligula, ut cursus nibh","correct":false},{"content":"que penatibus e","correct":false},{"content":" eget varius mi eros","correct":false}]', '2015-04-11 08:10:17', '2015-04-11 08:10:17', 2);

--
-- Indexes for dumped tables
--

--
-- Indexes for table `chapters`
--
ALTER TABLE `chapters`
  ADD PRIMARY KEY (`id`),
  ADD KEY `LessonId` (`LessonId`);

--
-- Indexes for table `courses`
--
ALTER TABLE `courses`
  ADD PRIMARY KEY (`id`),
  ADD UNIQUE KEY `title` (`title`);

--
-- Indexes for table `lessons`
--
ALTER TABLE `lessons`
  ADD PRIMARY KEY (`id`),
  ADD KEY `CourseId` (`CourseId`);

--
-- Indexes for table `notes`
--
ALTER TABLE `notes`
  ADD PRIMARY KEY (`id`),
  ADD UNIQUE KEY `chapterBlock` (`block`,`ChapterId`),
  ADD KEY `ChapterId` (`ChapterId`);

--
-- Indexes for table `questions`
--
ALTER TABLE `questions`
  ADD PRIMARY KEY (`id`),
  ADD KEY `LessonId` (`LessonId`);

--
-- AUTO_INCREMENT for dumped tables
--

--
-- AUTO_INCREMENT for table `chapters`
--
ALTER TABLE `chapters`
  MODIFY `id` int(11) NOT NULL AUTO_INCREMENT,AUTO_INCREMENT=23;
--
-- AUTO_INCREMENT for table `courses`
--
ALTER TABLE `courses`
  MODIFY `id` int(11) NOT NULL AUTO_INCREMENT,AUTO_INCREMENT=2;
--
-- AUTO_INCREMENT for table `lessons`
--
ALTER TABLE `lessons`
  MODIFY `id` int(11) NOT NULL AUTO_INCREMENT,AUTO_INCREMENT=5;
--
-- AUTO_INCREMENT for table `notes`
--
ALTER TABLE `notes`
  MODIFY `id` int(11) NOT NULL AUTO_INCREMENT,AUTO_INCREMENT=12;
--
-- AUTO_INCREMENT for table `questions`
--
ALTER TABLE `questions`
  MODIFY `id` int(11) NOT NULL AUTO_INCREMENT,AUTO_INCREMENT=101;
--
-- Constraints for dumped tables
--

--
-- Constraints for table `chapters`
--
ALTER TABLE `chapters`
  ADD CONSTRAINT `chapters_ibfk_1` FOREIGN KEY (`LessonId`) REFERENCES `lessons` (`id`) ON DELETE SET NULL ON UPDATE CASCADE;

--
-- Constraints for table `lessons`
--
ALTER TABLE `lessons`
  ADD CONSTRAINT `lessons_ibfk_1` FOREIGN KEY (`CourseId`) REFERENCES `courses` (`id`) ON DELETE SET NULL ON UPDATE CASCADE;

--
-- Constraints for table `notes`
--
ALTER TABLE `notes`
  ADD CONSTRAINT `notes_ibfk_1` FOREIGN KEY (`ChapterId`) REFERENCES `chapters` (`id`) ON DELETE SET NULL ON UPDATE CASCADE;

--
-- Constraints for table `questions`
--
ALTER TABLE `questions`
  ADD CONSTRAINT `questions_ibfk_1` FOREIGN KEY (`LessonId`) REFERENCES `lessons` (`id`) ON DELETE SET NULL ON UPDATE CASCADE;

/*!40101 SET CHARACTER_SET_CLIENT=@OLD_CHARACTER_SET_CLIENT */;
/*!40101 SET CHARACTER_SET_RESULTS=@OLD_CHARACTER_SET_RESULTS */;
/*!40101 SET COLLATION_CONNECTION=@OLD_COLLATION_CONNECTION */;
